"EXTERNAL_URL","EXTERNAL_URL_READMORE"
"\[Data Obfuscation\](https://attack.mitre.org/techniques/T1001)","\[more on T1001\](https://attack.mitre.org/techniques/T1001)"
"\[Junk Data\](https://attack.mitre.org/techniques/T1001/001)","\[more on T1001.001\](https://attack.mitre.org/techniques/T1001/001)"
"\[Steganography\](https://attack.mitre.org/techniques/T1001/002)","\[more on T1001.002\](https://attack.mitre.org/techniques/T1001/002)"
"\[Protocol Impersonation\](https://attack.mitre.org/techniques/T1001/003)","\[more on T1001.003\](https://attack.mitre.org/techniques/T1001/003)"
"\[OS Credential Dumping\](https://attack.mitre.org/techniques/T1003)","\[more on T1003\](https://attack.mitre.org/techniques/T1003)"
"\[LSASS Memory\](https://attack.mitre.org/techniques/T1003/001)","\[more on T1003.001\](https://attack.mitre.org/techniques/T1003/001)"
"\[Security Account Manager\](https://attack.mitre.org/techniques/T1003/002)","\[more on T1003.002\](https://attack.mitre.org/techniques/T1003/002)"
"\[NTDS\](https://attack.mitre.org/techniques/T1003/003)","\[more on T1003.003\](https://attack.mitre.org/techniques/T1003/003)"
"\[LSA Secrets\](https://attack.mitre.org/techniques/T1003/004)","\[more on T1003.004\](https://attack.mitre.org/techniques/T1003/004)"
"\[Cached Domain Credentials\](https://attack.mitre.org/techniques/T1003/005)","\[more on T1003.005\](https://attack.mitre.org/techniques/T1003/005)"
"\[DCSync\](https://attack.mitre.org/techniques/T1003/006)","\[more on T1003.006\](https://attack.mitre.org/techniques/T1003/006)"
"\[Proc Filesystem\](https://attack.mitre.org/techniques/T1003/007)","\[more on T1003.007\](https://attack.mitre.org/techniques/T1003/007)"
"\[/etc/passwd and /etc/shadow\](https://attack.mitre.org/techniques/T1003/008)","\[more on T1003.008\](https://attack.mitre.org/techniques/T1003/008)"
"\[Data from Local System\](https://attack.mitre.org/techniques/T1005)","\[more on T1005\](https://attack.mitre.org/techniques/T1005)"
"\[Direct Volume Access\](https://attack.mitre.org/techniques/T1006)","\[more on T1006\](https://attack.mitre.org/techniques/T1006)"
"\[System Service Discovery\](https://attack.mitre.org/techniques/T1007)","\[more on T1007\](https://attack.mitre.org/techniques/T1007)"
"\[Fallback Channels\](https://attack.mitre.org/techniques/T1008)","\[more on T1008\](https://attack.mitre.org/techniques/T1008)"
"\[Application Window Discovery\](https://attack.mitre.org/techniques/T1010)","\[more on T1010\](https://attack.mitre.org/techniques/T1010)"
"\[Exfiltration Over Other Network Medium\](https://attack.mitre.org/techniques/T1011)","\[more on T1011\](https://attack.mitre.org/techniques/T1011)"
"\[Exfiltration Over Bluetooth\](https://attack.mitre.org/techniques/T1011/001)","\[more on T1011.001\](https://attack.mitre.org/techniques/T1011/001)"
"\[Query Registry\](https://attack.mitre.org/techniques/T1012)","\[more on T1012\](https://attack.mitre.org/techniques/T1012)"
"\[Rootkit\](https://attack.mitre.org/techniques/T1014)","\[more on T1014\](https://attack.mitre.org/techniques/T1014)"
"\[System Network Configuration Discovery\](https://attack.mitre.org/techniques/T1016)","\[more on T1016\](https://attack.mitre.org/techniques/T1016)"
"\[Internet Connection Discovery\](https://attack.mitre.org/techniques/T1016/001)","\[more on T1016.001\](https://attack.mitre.org/techniques/T1016/001)"
"\[Remote System Discovery\](https://attack.mitre.org/techniques/T1018)","\[more on T1018\](https://attack.mitre.org/techniques/T1018)"
"\[Automated Exfiltration\](https://attack.mitre.org/techniques/T1020)","\[more on T1020\](https://attack.mitre.org/techniques/T1020)"
"\[Traffic Duplication\](https://attack.mitre.org/techniques/T1020/001)","\[more on T1020.001\](https://attack.mitre.org/techniques/T1020/001)"
"\[Remote Services\](https://attack.mitre.org/techniques/T1021)","\[more on T1021\](https://attack.mitre.org/techniques/T1021)"
"\[Remote Desktop Protocol\](https://attack.mitre.org/techniques/T1021/001)","\[more on T1021.001\](https://attack.mitre.org/techniques/T1021/001)"
"\[SMB/Windows Admin Shares\](https://attack.mitre.org/techniques/T1021/002)","\[more on T1021.002\](https://attack.mitre.org/techniques/T1021/002)"
"\[Distributed Component Object Model\](https://attack.mitre.org/techniques/T1021/003)","\[more on T1021.003\](https://attack.mitre.org/techniques/T1021/003)"
"\[SSH\](https://attack.mitre.org/techniques/T1021/004)","\[more on T1021.004\](https://attack.mitre.org/techniques/T1021/004)"
"\[VNC\](https://attack.mitre.org/techniques/T1021/005)","\[more on T1021.005\](https://attack.mitre.org/techniques/T1021/005)"
"\[Windows Remote Management\](https://attack.mitre.org/techniques/T1021/006)","\[more on T1021.006\](https://attack.mitre.org/techniques/T1021/006)"
"\[Data from Removable Media\](https://attack.mitre.org/techniques/T1025)","\[more on T1025\](https://attack.mitre.org/techniques/T1025)"
"\[Obfuscated Files or Information\](https://attack.mitre.org/techniques/T1027)","\[more on T1027\](https://attack.mitre.org/techniques/T1027)"
"\[Binary Padding\](https://attack.mitre.org/techniques/T1027/001)","\[more on T1027.001\](https://attack.mitre.org/techniques/T1027/001)"
"\[Software Packing\](https://attack.mitre.org/techniques/T1027/002)","\[more on T1027.002\](https://attack.mitre.org/techniques/T1027/002)"
"\[Steganography\](https://attack.mitre.org/techniques/T1027/003)","\[more on T1027.003\](https://attack.mitre.org/techniques/T1027/003)"
"\[Compile After Delivery\](https://attack.mitre.org/techniques/T1027/004)","\[more on T1027.004\](https://attack.mitre.org/techniques/T1027/004)"
"\[Indicator Removal from Tools\](https://attack.mitre.org/techniques/T1027/005)","\[more on T1027.005\](https://attack.mitre.org/techniques/T1027/005)"
"\[HTML Smuggling\](https://attack.mitre.org/techniques/T1027/006)","\[more on T1027.006\](https://attack.mitre.org/techniques/T1027/006)"
"\[Scheduled Transfer\](https://attack.mitre.org/techniques/T1029)","\[more on T1029\](https://attack.mitre.org/techniques/T1029)"
"\[Data Transfer Size Limits\](https://attack.mitre.org/techniques/T1030)","\[more on T1030\](https://attack.mitre.org/techniques/T1030)"
"\[System Owner/User Discovery\](https://attack.mitre.org/techniques/T1033)","\[more on T1033\](https://attack.mitre.org/techniques/T1033)"
"\[Masquerading\](https://attack.mitre.org/techniques/T1036)","\[more on T1036\](https://attack.mitre.org/techniques/T1036)"
"\[Invalid Code Signature\](https://attack.mitre.org/techniques/T1036/001)","\[more on T1036.001\](https://attack.mitre.org/techniques/T1036/001)"
"\[Right-to-Left Override\](https://attack.mitre.org/techniques/T1036/002)","\[more on T1036.002\](https://attack.mitre.org/techniques/T1036/002)"
"\[Rename System Utilities\](https://attack.mitre.org/techniques/T1036/003)","\[more on T1036.003\](https://attack.mitre.org/techniques/T1036/003)"
"\[Masquerade Task or Service\](https://attack.mitre.org/techniques/T1036/004)","\[more on T1036.004\](https://attack.mitre.org/techniques/T1036/004)"
"\[Match Legitimate Name or Location\](https://attack.mitre.org/techniques/T1036/005)","\[more on T1036.005\](https://attack.mitre.org/techniques/T1036/005)"
"\[Space after Filename\](https://attack.mitre.org/techniques/T1036/006)","\[more on T1036.006\](https://attack.mitre.org/techniques/T1036/006)"
"\[Double File Extension\](https://attack.mitre.org/techniques/T1036/007)","\[more on T1036.007\](https://attack.mitre.org/techniques/T1036/007)"
"\[Boot or Logon Initialization Scripts\](https://attack.mitre.org/techniques/T1037)","\[more on T1037\](https://attack.mitre.org/techniques/T1037)"
"\[Logon Script (Windows)\](https://attack.mitre.org/techniques/T1037/001)","\[more on T1037.001\](https://attack.mitre.org/techniques/T1037/001)"
"\[Logon Script (Mac)\](https://attack.mitre.org/techniques/T1037/002)","\[more on T1037.002\](https://attack.mitre.org/techniques/T1037/002)"
"\[Network Logon Script\](https://attack.mitre.org/techniques/T1037/003)","\[more on T1037.003\](https://attack.mitre.org/techniques/T1037/003)"
"\[RC Scripts\](https://attack.mitre.org/techniques/T1037/004)","\[more on T1037.004\](https://attack.mitre.org/techniques/T1037/004)"
"\[Startup Items\](https://attack.mitre.org/techniques/T1037/005)","\[more on T1037.005\](https://attack.mitre.org/techniques/T1037/005)"
"\[Data from Network Shared Drive\](https://attack.mitre.org/techniques/T1039)","\[more on T1039\](https://attack.mitre.org/techniques/T1039)"
"\[Network Sniffing\](https://attack.mitre.org/techniques/T1040)","\[more on T1040\](https://attack.mitre.org/techniques/T1040)"
"\[Exfiltration Over C2 Channel\](https://attack.mitre.org/techniques/T1041)","\[more on T1041\](https://attack.mitre.org/techniques/T1041)"
"\[Network Service Scanning\](https://attack.mitre.org/techniques/T1046)","\[more on T1046\](https://attack.mitre.org/techniques/T1046)"
"\[Windows Management Instrumentation\](https://attack.mitre.org/techniques/T1047)","\[more on T1047\](https://attack.mitre.org/techniques/T1047)"
"\[Exfiltration Over Alternative Protocol\](https://attack.mitre.org/techniques/T1048)","\[more on T1048\](https://attack.mitre.org/techniques/T1048)"
"\[Exfiltration Over Symmetric Encrypted Non-C2 Protocol\](https://attack.mitre.org/techniques/T1048/001)","\[more on T1048.001\](https://attack.mitre.org/techniques/T1048/001)"
"\[Exfiltration Over Asymmetric Encrypted Non-C2 Protocol\](https://attack.mitre.org/techniques/T1048/002)","\[more on T1048.002\](https://attack.mitre.org/techniques/T1048/002)"
"\[Exfiltration Over Unencrypted/Obfuscated Non-C2 Protocol\](https://attack.mitre.org/techniques/T1048/003)","\[more on T1048.003\](https://attack.mitre.org/techniques/T1048/003)"
"\[System Network Connections Discovery\](https://attack.mitre.org/techniques/T1049)","\[more on T1049\](https://attack.mitre.org/techniques/T1049)"
"\[Exfiltration Over Physical Medium\](https://attack.mitre.org/techniques/T1052)","\[more on T1052\](https://attack.mitre.org/techniques/T1052)"
"\[Exfiltration over USB\](https://attack.mitre.org/techniques/T1052/001)","\[more on T1052.001\](https://attack.mitre.org/techniques/T1052/001)"
"\[Scheduled Task/Job\](https://attack.mitre.org/techniques/T1053)","\[more on T1053\](https://attack.mitre.org/techniques/T1053)"
"\[At (Linux)\](https://attack.mitre.org/techniques/T1053/001)","\[more on T1053.001\](https://attack.mitre.org/techniques/T1053/001)"
"\[At (Windows)\](https://attack.mitre.org/techniques/T1053/002)","\[more on T1053.002\](https://attack.mitre.org/techniques/T1053/002)"
"\[Cron\](https://attack.mitre.org/techniques/T1053/003)","\[more on T1053.003\](https://attack.mitre.org/techniques/T1053/003)"
"\[Scheduled Task\](https://attack.mitre.org/techniques/T1053/005)","\[more on T1053.005\](https://attack.mitre.org/techniques/T1053/005)"
"\[Systemd Timers\](https://attack.mitre.org/techniques/T1053/006)","\[more on T1053.006\](https://attack.mitre.org/techniques/T1053/006)"
"\[Container Orchestration Job\](https://attack.mitre.org/techniques/T1053/007)","\[more on T1053.007\](https://attack.mitre.org/techniques/T1053/007)"
"\[Process Injection\](https://attack.mitre.org/techniques/T1055)","\[more on T1055\](https://attack.mitre.org/techniques/T1055)"
"\[Dynamic-link Library Injection\](https://attack.mitre.org/techniques/T1055/001)","\[more on T1055.001\](https://attack.mitre.org/techniques/T1055/001)"
"\[Portable Executable Injection\](https://attack.mitre.org/techniques/T1055/002)","\[more on T1055.002\](https://attack.mitre.org/techniques/T1055/002)"
"\[Thread Execution Hijacking\](https://attack.mitre.org/techniques/T1055/003)","\[more on T1055.003\](https://attack.mitre.org/techniques/T1055/003)"
"\[Asynchronous Procedure Call\](https://attack.mitre.org/techniques/T1055/004)","\[more on T1055.004\](https://attack.mitre.org/techniques/T1055/004)"
"\[Thread Local Storage\](https://attack.mitre.org/techniques/T1055/005)","\[more on T1055.005\](https://attack.mitre.org/techniques/T1055/005)"
"\[Ptrace System Calls\](https://attack.mitre.org/techniques/T1055/008)","\[more on T1055.008\](https://attack.mitre.org/techniques/T1055/008)"
"\[Proc Memory\](https://attack.mitre.org/techniques/T1055/009)","\[more on T1055.009\](https://attack.mitre.org/techniques/T1055/009)"
"\[Extra Window Memory Injection\](https://attack.mitre.org/techniques/T1055/011)","\[more on T1055.011\](https://attack.mitre.org/techniques/T1055/011)"
"\[Process Hollowing\](https://attack.mitre.org/techniques/T1055/012)","\[more on T1055.012\](https://attack.mitre.org/techniques/T1055/012)"
"\[Process Doppelg√§nging\](https://attack.mitre.org/techniques/T1055/013)","\[more on T1055.013\](https://attack.mitre.org/techniques/T1055/013)"
"\[VDSO Hijacking\](https://attack.mitre.org/techniques/T1055/014)","\[more on T1055.014\](https://attack.mitre.org/techniques/T1055/014)"
"\[Input Capture\](https://attack.mitre.org/techniques/T1056)","\[more on T1056\](https://attack.mitre.org/techniques/T1056)"
"\[Keylogging\](https://attack.mitre.org/techniques/T1056/001)","\[more on T1056.001\](https://attack.mitre.org/techniques/T1056/001)"
"\[GUI Input Capture\](https://attack.mitre.org/techniques/T1056/002)","\[more on T1056.002\](https://attack.mitre.org/techniques/T1056/002)"
"\[Web Portal Capture\](https://attack.mitre.org/techniques/T1056/003)","\[more on T1056.003\](https://attack.mitre.org/techniques/T1056/003)"
"\[Credential API Hooking\](https://attack.mitre.org/techniques/T1056/004)","\[more on T1056.004\](https://attack.mitre.org/techniques/T1056/004)"
"\[Process Discovery\](https://attack.mitre.org/techniques/T1057)","\[more on T1057\](https://attack.mitre.org/techniques/T1057)"
"\[Command and Scripting Interpreter\](https://attack.mitre.org/techniques/T1059)","\[more on T1059\](https://attack.mitre.org/techniques/T1059)"
"\[PowerShell\](https://attack.mitre.org/techniques/T1059/001)","\[more on T1059.001\](https://attack.mitre.org/techniques/T1059/001)"
"\[AppleScript\](https://attack.mitre.org/techniques/T1059/002)","\[more on T1059.002\](https://attack.mitre.org/techniques/T1059/002)"
"\[Windows Command Shell\](https://attack.mitre.org/techniques/T1059/003)","\[more on T1059.003\](https://attack.mitre.org/techniques/T1059/003)"
"\[Unix Shell\](https://attack.mitre.org/techniques/T1059/004)","\[more on T1059.004\](https://attack.mitre.org/techniques/T1059/004)"
"\[Visual Basic\](https://attack.mitre.org/techniques/T1059/005)","\[more on T1059.005\](https://attack.mitre.org/techniques/T1059/005)"
"\[Python\](https://attack.mitre.org/techniques/T1059/006)","\[more on T1059.006\](https://attack.mitre.org/techniques/T1059/006)"
"\[JavaScript\](https://attack.mitre.org/techniques/T1059/007)","\[more on T1059.007\](https://attack.mitre.org/techniques/T1059/007)"
"\[Network Device CLI\](https://attack.mitre.org/techniques/T1059/008)","\[more on T1059.008\](https://attack.mitre.org/techniques/T1059/008)"
"\[Exploitation for Privilege Escalation\](https://attack.mitre.org/techniques/T1068)","\[more on T1068\](https://attack.mitre.org/techniques/T1068)"
"\[Permission Groups Discovery\](https://attack.mitre.org/techniques/T1069)","\[more on T1069\](https://attack.mitre.org/techniques/T1069)"
"\[Local Groups\](https://attack.mitre.org/techniques/T1069/001)","\[more on T1069.001\](https://attack.mitre.org/techniques/T1069/001)"
"\[Domain Groups\](https://attack.mitre.org/techniques/T1069/002)","\[more on T1069.002\](https://attack.mitre.org/techniques/T1069/002)"
"\[Cloud Groups\](https://attack.mitre.org/techniques/T1069/003)","\[more on T1069.003\](https://attack.mitre.org/techniques/T1069/003)"
"\[Indicator Removal on Host\](https://attack.mitre.org/techniques/T1070)","\[more on T1070\](https://attack.mitre.org/techniques/T1070)"
"\[Clear Windows Event Logs\](https://attack.mitre.org/techniques/T1070/001)","\[more on T1070.001\](https://attack.mitre.org/techniques/T1070/001)"
"\[Clear Linux or Mac System Logs\](https://attack.mitre.org/techniques/T1070/002)","\[more on T1070.002\](https://attack.mitre.org/techniques/T1070/002)"
"\[Clear Command History\](https://attack.mitre.org/techniques/T1070/003)","\[more on T1070.003\](https://attack.mitre.org/techniques/T1070/003)"
"\[File Deletion\](https://attack.mitre.org/techniques/T1070/004)","\[more on T1070.004\](https://attack.mitre.org/techniques/T1070/004)"
"\[Network Share Connection Removal\](https://attack.mitre.org/techniques/T1070/005)","\[more on T1070.005\](https://attack.mitre.org/techniques/T1070/005)"
"\[Timestomp\](https://attack.mitre.org/techniques/T1070/006)","\[more on T1070.006\](https://attack.mitre.org/techniques/T1070/006)"
"\[Application Layer Protocol\](https://attack.mitre.org/techniques/T1071)","\[more on T1071\](https://attack.mitre.org/techniques/T1071)"
"\[Web Protocols\](https://attack.mitre.org/techniques/T1071/001)","\[more on T1071.001\](https://attack.mitre.org/techniques/T1071/001)"
"\[File Transfer Protocols\](https://attack.mitre.org/techniques/T1071/002)","\[more on T1071.002\](https://attack.mitre.org/techniques/T1071/002)"
"\[Mail Protocols\](https://attack.mitre.org/techniques/T1071/003)","\[more on T1071.003\](https://attack.mitre.org/techniques/T1071/003)"
"\[DNS\](https://attack.mitre.org/techniques/T1071/004)","\[more on T1071.004\](https://attack.mitre.org/techniques/T1071/004)"
"\[Software Deployment Tools\](https://attack.mitre.org/techniques/T1072)","\[more on T1072\](https://attack.mitre.org/techniques/T1072)"
"\[Data Staged\](https://attack.mitre.org/techniques/T1074)","\[more on T1074\](https://attack.mitre.org/techniques/T1074)"
"\[Local Data Staging\](https://attack.mitre.org/techniques/T1074/001)","\[more on T1074.001\](https://attack.mitre.org/techniques/T1074/001)"
"\[Remote Data Staging\](https://attack.mitre.org/techniques/T1074/002)","\[more on T1074.002\](https://attack.mitre.org/techniques/T1074/002)"
"\[Valid Accounts\](https://attack.mitre.org/techniques/T1078)","\[more on T1078\](https://attack.mitre.org/techniques/T1078)"
"\[Default Accounts\](https://attack.mitre.org/techniques/T1078/001)","\[more on T1078.001\](https://attack.mitre.org/techniques/T1078/001)"
"\[Domain Accounts\](https://attack.mitre.org/techniques/T1078/002)","\[more on T1078.002\](https://attack.mitre.org/techniques/T1078/002)"
"\[Local Accounts\](https://attack.mitre.org/techniques/T1078/003)","\[more on T1078.003\](https://attack.mitre.org/techniques/T1078/003)"
"\[Cloud Accounts\](https://attack.mitre.org/techniques/T1078/004)","\[more on T1078.004\](https://attack.mitre.org/techniques/T1078/004)"
"\[Taint Shared Content\](https://attack.mitre.org/techniques/T1080)","\[more on T1080\](https://attack.mitre.org/techniques/T1080)"
"\[System Information Discovery\](https://attack.mitre.org/techniques/T1082)","\[more on T1082\](https://attack.mitre.org/techniques/T1082)"
"\[File and Directory Discovery\](https://attack.mitre.org/techniques/T1083)","\[more on T1083\](https://attack.mitre.org/techniques/T1083)"
"\[Account Discovery\](https://attack.mitre.org/techniques/T1087)","\[more on T1087\](https://attack.mitre.org/techniques/T1087)"
"\[Local Account\](https://attack.mitre.org/techniques/T1087/001)","\[more on T1087.001\](https://attack.mitre.org/techniques/T1087/001)"
"\[Domain Account\](https://attack.mitre.org/techniques/T1087/002)","\[more on T1087.002\](https://attack.mitre.org/techniques/T1087/002)"
"\[Email Account\](https://attack.mitre.org/techniques/T1087/003)","\[more on T1087.003\](https://attack.mitre.org/techniques/T1087/003)"
"\[Cloud Account\](https://attack.mitre.org/techniques/T1087/004)","\[more on T1087.004\](https://attack.mitre.org/techniques/T1087/004)"
"\[Proxy\](https://attack.mitre.org/techniques/T1090)","\[more on T1090\](https://attack.mitre.org/techniques/T1090)"
"\[Internal Proxy\](https://attack.mitre.org/techniques/T1090/001)","\[more on T1090.001\](https://attack.mitre.org/techniques/T1090/001)"
"\[External Proxy\](https://attack.mitre.org/techniques/T1090/002)","\[more on T1090.002\](https://attack.mitre.org/techniques/T1090/002)"
"\[Multi-hop Proxy\](https://attack.mitre.org/techniques/T1090/003)","\[more on T1090.003\](https://attack.mitre.org/techniques/T1090/003)"
"\[Domain Fronting\](https://attack.mitre.org/techniques/T1090/004)","\[more on T1090.004\](https://attack.mitre.org/techniques/T1090/004)"
"\[Replication Through Removable Media\](https://attack.mitre.org/techniques/T1091)","\[more on T1091\](https://attack.mitre.org/techniques/T1091)"
"\[Communication Through Removable Media\](https://attack.mitre.org/techniques/T1092)","\[more on T1092\](https://attack.mitre.org/techniques/T1092)"
"\[Non-Application Layer Protocol\](https://attack.mitre.org/techniques/T1095)","\[more on T1095\](https://attack.mitre.org/techniques/T1095)"
"\[Account Manipulation\](https://attack.mitre.org/techniques/T1098)","\[more on T1098\](https://attack.mitre.org/techniques/T1098)"
"\[Additional Cloud Credentials\](https://attack.mitre.org/techniques/T1098/001)","\[more on T1098.001\](https://attack.mitre.org/techniques/T1098/001)"
"\[Exchange Email Delegate Permissions\](https://attack.mitre.org/techniques/T1098/002)","\[more on T1098.002\](https://attack.mitre.org/techniques/T1098/002)"
"\[Add Office 365 Global Administrator Role\](https://attack.mitre.org/techniques/T1098/003)","\[more on T1098.003\](https://attack.mitre.org/techniques/T1098/003)"
"\[SSH Authorized Keys\](https://attack.mitre.org/techniques/T1098/004)","\[more on T1098.004\](https://attack.mitre.org/techniques/T1098/004)"
"\[Web Service\](https://attack.mitre.org/techniques/T1102)","\[more on T1102\](https://attack.mitre.org/techniques/T1102)"
"\[Dead Drop Resolver\](https://attack.mitre.org/techniques/T1102/001)","\[more on T1102.001\](https://attack.mitre.org/techniques/T1102/001)"
"\[Bidirectional Communication\](https://attack.mitre.org/techniques/T1102/002)","\[more on T1102.002\](https://attack.mitre.org/techniques/T1102/002)"
"\[One-Way Communication\](https://attack.mitre.org/techniques/T1102/003)","\[more on T1102.003\](https://attack.mitre.org/techniques/T1102/003)"
"\[Multi-Stage Channels\](https://attack.mitre.org/techniques/T1104)","\[more on T1104\](https://attack.mitre.org/techniques/T1104)"
"\[Ingress Tool Transfer\](https://attack.mitre.org/techniques/T1105)","\[more on T1105\](https://attack.mitre.org/techniques/T1105)"
"\[Native API\](https://attack.mitre.org/techniques/T1106)","\[more on T1106\](https://attack.mitre.org/techniques/T1106)"
"\[Brute Force\](https://attack.mitre.org/techniques/T1110)","\[more on T1110\](https://attack.mitre.org/techniques/T1110)"
"\[Password Guessing\](https://attack.mitre.org/techniques/T1110/001)","\[more on T1110.001\](https://attack.mitre.org/techniques/T1110/001)"
"\[Password Cracking\](https://attack.mitre.org/techniques/T1110/002)","\[more on T1110.002\](https://attack.mitre.org/techniques/T1110/002)"
"\[Password Spraying\](https://attack.mitre.org/techniques/T1110/003)","\[more on T1110.003\](https://attack.mitre.org/techniques/T1110/003)"
"\[Credential Stuffing\](https://attack.mitre.org/techniques/T1110/004)","\[more on T1110.004\](https://attack.mitre.org/techniques/T1110/004)"
"\[Two-Factor Authentication Interception\](https://attack.mitre.org/techniques/T1111)","\[more on T1111\](https://attack.mitre.org/techniques/T1111)"
"\[Modify Registry\](https://attack.mitre.org/techniques/T1112)","\[more on T1112\](https://attack.mitre.org/techniques/T1112)"
"\[Screen Capture\](https://attack.mitre.org/techniques/T1113)","\[more on T1113\](https://attack.mitre.org/techniques/T1113)"
"\[Email Collection\](https://attack.mitre.org/techniques/T1114)","\[more on T1114\](https://attack.mitre.org/techniques/T1114)"
"\[Local Email Collection\](https://attack.mitre.org/techniques/T1114/001)","\[more on T1114.001\](https://attack.mitre.org/techniques/T1114/001)"
"\[Remote Email Collection\](https://attack.mitre.org/techniques/T1114/002)","\[more on T1114.002\](https://attack.mitre.org/techniques/T1114/002)"
"\[Email Forwarding Rule\](https://attack.mitre.org/techniques/T1114/003)","\[more on T1114.003\](https://attack.mitre.org/techniques/T1114/003)"
"\[Clipboard Data\](https://attack.mitre.org/techniques/T1115)","\[more on T1115\](https://attack.mitre.org/techniques/T1115)"
"\[Automated Collection\](https://attack.mitre.org/techniques/T1119)","\[more on T1119\](https://attack.mitre.org/techniques/T1119)"
"\[Peripheral Device Discovery\](https://attack.mitre.org/techniques/T1120)","\[more on T1120\](https://attack.mitre.org/techniques/T1120)"
"\[Audio Capture\](https://attack.mitre.org/techniques/T1123)","\[more on T1123\](https://attack.mitre.org/techniques/T1123)"
"\[System Time Discovery\](https://attack.mitre.org/techniques/T1124)","\[more on T1124\](https://attack.mitre.org/techniques/T1124)"
"\[Video Capture\](https://attack.mitre.org/techniques/T1125)","\[more on T1125\](https://attack.mitre.org/techniques/T1125)"
"\[Trusted Developer Utilities Proxy Execution\](https://attack.mitre.org/techniques/T1127)","\[more on T1127\](https://attack.mitre.org/techniques/T1127)"
"\[MSBuild\](https://attack.mitre.org/techniques/T1127/001)","\[more on T1127.001\](https://attack.mitre.org/techniques/T1127/001)"
"\[Shared Modules\](https://attack.mitre.org/techniques/T1129)","\[more on T1129\](https://attack.mitre.org/techniques/T1129)"
"\[Data Encoding\](https://attack.mitre.org/techniques/T1132)","\[more on T1132\](https://attack.mitre.org/techniques/T1132)"
"\[Standard Encoding\](https://attack.mitre.org/techniques/T1132/001)","\[more on T1132.001\](https://attack.mitre.org/techniques/T1132/001)"
"\[Non-Standard Encoding\](https://attack.mitre.org/techniques/T1132/002)","\[more on T1132.002\](https://attack.mitre.org/techniques/T1132/002)"
"\[External Remote Services\](https://attack.mitre.org/techniques/T1133)","\[more on T1133\](https://attack.mitre.org/techniques/T1133)"
"\[Access Token Manipulation\](https://attack.mitre.org/techniques/T1134)","\[more on T1134\](https://attack.mitre.org/techniques/T1134)"
"\[Token Impersonation/Theft\](https://attack.mitre.org/techniques/T1134/001)","\[more on T1134.001\](https://attack.mitre.org/techniques/T1134/001)"
"\[Create Process with Token\](https://attack.mitre.org/techniques/T1134/002)","\[more on T1134.002\](https://attack.mitre.org/techniques/T1134/002)"
"\[Make and Impersonate Token\](https://attack.mitre.org/techniques/T1134/003)","\[more on T1134.003\](https://attack.mitre.org/techniques/T1134/003)"
"\[Parent PID Spoofing\](https://attack.mitre.org/techniques/T1134/004)","\[more on T1134.004\](https://attack.mitre.org/techniques/T1134/004)"
"\[SID-History Injection\](https://attack.mitre.org/techniques/T1134/005)","\[more on T1134.005\](https://attack.mitre.org/techniques/T1134/005)"
"\[Network Share Discovery\](https://attack.mitre.org/techniques/T1135)","\[more on T1135\](https://attack.mitre.org/techniques/T1135)"
"\[Create Account\](https://attack.mitre.org/techniques/T1136)","\[more on T1136\](https://attack.mitre.org/techniques/T1136)"
"\[Local Account\](https://attack.mitre.org/techniques/T1136/001)","\[more on T1136.001\](https://attack.mitre.org/techniques/T1136/001)"
"\[Domain Account\](https://attack.mitre.org/techniques/T1136/002)","\[more on T1136.002\](https://attack.mitre.org/techniques/T1136/002)"
"\[Cloud Account\](https://attack.mitre.org/techniques/T1136/003)","\[more on T1136.003\](https://attack.mitre.org/techniques/T1136/003)"
"\[Office Application Startup\](https://attack.mitre.org/techniques/T1137)","\[more on T1137\](https://attack.mitre.org/techniques/T1137)"
"\[Office Template Macros\](https://attack.mitre.org/techniques/T1137/001)","\[more on T1137.001\](https://attack.mitre.org/techniques/T1137/001)"
"\[Office Test\](https://attack.mitre.org/techniques/T1137/002)","\[more on T1137.002\](https://attack.mitre.org/techniques/T1137/002)"
"\[Outlook Forms\](https://attack.mitre.org/techniques/T1137/003)","\[more on T1137.003\](https://attack.mitre.org/techniques/T1137/003)"
"\[Outlook Home Page\](https://attack.mitre.org/techniques/T1137/004)","\[more on T1137.004\](https://attack.mitre.org/techniques/T1137/004)"
"\[Outlook Rules\](https://attack.mitre.org/techniques/T1137/005)","\[more on T1137.005\](https://attack.mitre.org/techniques/T1137/005)"
"\[Add-ins\](https://attack.mitre.org/techniques/T1137/006)","\[more on T1137.006\](https://attack.mitre.org/techniques/T1137/006)"
"\[Deobfuscate/Decode Files or Information\](https://attack.mitre.org/techniques/T1140)","\[more on T1140\](https://attack.mitre.org/techniques/T1140)"
"\[Browser Extensions\](https://attack.mitre.org/techniques/T1176)","\[more on T1176\](https://attack.mitre.org/techniques/T1176)"
"\[Browser Session Hijacking\](https://attack.mitre.org/techniques/T1185)","\[more on T1185\](https://attack.mitre.org/techniques/T1185)"
"\[Forced Authentication\](https://attack.mitre.org/techniques/T1187)","\[more on T1187\](https://attack.mitre.org/techniques/T1187)"
"\[Drive-by Compromise\](https://attack.mitre.org/techniques/T1189)","\[more on T1189\](https://attack.mitre.org/techniques/T1189)"
"\[Exploit Public-Facing Application\](https://attack.mitre.org/techniques/T1190)","\[more on T1190\](https://attack.mitre.org/techniques/T1190)"
"\[Supply Chain Compromise\](https://attack.mitre.org/techniques/T1195)","\[more on T1195\](https://attack.mitre.org/techniques/T1195)"
"\[Compromise Software Dependencies and Development Tools\](https://attack.mitre.org/techniques/T1195/001)","\[more on T1195.001\](https://attack.mitre.org/techniques/T1195/001)"
"\[Compromise Software Supply Chain\](https://attack.mitre.org/techniques/T1195/002)","\[more on T1195.002\](https://attack.mitre.org/techniques/T1195/002)"
"\[Compromise Hardware Supply Chain\](https://attack.mitre.org/techniques/T1195/003)","\[more on T1195.003\](https://attack.mitre.org/techniques/T1195/003)"
"\[BITS Jobs\](https://attack.mitre.org/techniques/T1197)","\[more on T1197\](https://attack.mitre.org/techniques/T1197)"
"\[Trusted Relationship\](https://attack.mitre.org/techniques/T1199)","\[more on T1199\](https://attack.mitre.org/techniques/T1199)"
"\[Hardware Additions\](https://attack.mitre.org/techniques/T1200)","\[more on T1200\](https://attack.mitre.org/techniques/T1200)"
"\[Password Policy Discovery\](https://attack.mitre.org/techniques/T1201)","\[more on T1201\](https://attack.mitre.org/techniques/T1201)"
"\[Indirect Command Execution\](https://attack.mitre.org/techniques/T1202)","\[more on T1202\](https://attack.mitre.org/techniques/T1202)"
"\[Exploitation for Client Execution\](https://attack.mitre.org/techniques/T1203)","\[more on T1203\](https://attack.mitre.org/techniques/T1203)"
"\[User Execution\](https://attack.mitre.org/techniques/T1204)","\[more on T1204\](https://attack.mitre.org/techniques/T1204)"
"\[Malicious Link\](https://attack.mitre.org/techniques/T1204/001)","\[more on T1204.001\](https://attack.mitre.org/techniques/T1204/001)"
"\[Malicious File\](https://attack.mitre.org/techniques/T1204/002)","\[more on T1204.002\](https://attack.mitre.org/techniques/T1204/002)"
"\[Malicious Image\](https://attack.mitre.org/techniques/T1204/003)","\[more on T1204.003\](https://attack.mitre.org/techniques/T1204/003)"
"\[Traffic Signaling\](https://attack.mitre.org/techniques/T1205)","\[more on T1205\](https://attack.mitre.org/techniques/T1205)"
"\[Port Knocking\](https://attack.mitre.org/techniques/T1205/001)","\[more on T1205.001\](https://attack.mitre.org/techniques/T1205/001)"
"\[Rogue Domain Controller\](https://attack.mitre.org/techniques/T1207)","\[more on T1207\](https://attack.mitre.org/techniques/T1207)"
"\[Exploitation of Remote Services\](https://attack.mitre.org/techniques/T1210)","\[more on T1210\](https://attack.mitre.org/techniques/T1210)"
"\[Exploitation for Defense Evasion\](https://attack.mitre.org/techniques/T1211)","\[more on T1211\](https://attack.mitre.org/techniques/T1211)"
"\[Exploitation for Credential Access\](https://attack.mitre.org/techniques/T1212)","\[more on T1212\](https://attack.mitre.org/techniques/T1212)"
"\[Data from Information Repositories\](https://attack.mitre.org/techniques/T1213)","\[more on T1213\](https://attack.mitre.org/techniques/T1213)"
"\[Confluence\](https://attack.mitre.org/techniques/T1213/001)","\[more on T1213.001\](https://attack.mitre.org/techniques/T1213/001)"
"\[Sharepoint\](https://attack.mitre.org/techniques/T1213/002)","\[more on T1213.002\](https://attack.mitre.org/techniques/T1213/002)"
"\[Code Repositories\](https://attack.mitre.org/techniques/T1213/003)","\[more on T1213.003\](https://attack.mitre.org/techniques/T1213/003)"
"\[Signed Script Proxy Execution\](https://attack.mitre.org/techniques/T1216)","\[more on T1216\](https://attack.mitre.org/techniques/T1216)"
"\[PubPrn\](https://attack.mitre.org/techniques/T1216/001)","\[more on T1216.001\](https://attack.mitre.org/techniques/T1216/001)"
"\[Browser Bookmark Discovery\](https://attack.mitre.org/techniques/T1217)","\[more on T1217\](https://attack.mitre.org/techniques/T1217)"
"\[Signed Binary Proxy Execution\](https://attack.mitre.org/techniques/T1218)","\[more on T1218\](https://attack.mitre.org/techniques/T1218)"
"\[Compiled HTML File\](https://attack.mitre.org/techniques/T1218/001)","\[more on T1218.001\](https://attack.mitre.org/techniques/T1218/001)"
"\[Control Panel\](https://attack.mitre.org/techniques/T1218/002)","\[more on T1218.002\](https://attack.mitre.org/techniques/T1218/002)"
"\[CMSTP\](https://attack.mitre.org/techniques/T1218/003)","\[more on T1218.003\](https://attack.mitre.org/techniques/T1218/003)"
"\[InstallUtil\](https://attack.mitre.org/techniques/T1218/004)","\[more on T1218.004\](https://attack.mitre.org/techniques/T1218/004)"
"\[Mshta\](https://attack.mitre.org/techniques/T1218/005)","\[more on T1218.005\](https://attack.mitre.org/techniques/T1218/005)"
"\[Msiexec\](https://attack.mitre.org/techniques/T1218/007)","\[more on T1218.007\](https://attack.mitre.org/techniques/T1218/007)"
"\[Odbcconf\](https://attack.mitre.org/techniques/T1218/008)","\[more on T1218.008\](https://attack.mitre.org/techniques/T1218/008)"
"\[Regsvcs/Regasm\](https://attack.mitre.org/techniques/T1218/009)","\[more on T1218.009\](https://attack.mitre.org/techniques/T1218/009)"
"\[Regsvr32\](https://attack.mitre.org/techniques/T1218/010)","\[more on T1218.010\](https://attack.mitre.org/techniques/T1218/010)"
"\[Rundll32\](https://attack.mitre.org/techniques/T1218/011)","\[more on T1218.011\](https://attack.mitre.org/techniques/T1218/011)"
"\[Verclsid\](https://attack.mitre.org/techniques/T1218/012)","\[more on T1218.012\](https://attack.mitre.org/techniques/T1218/012)"
"\[Mavinject\](https://attack.mitre.org/techniques/T1218/013)","\[more on T1218.013\](https://attack.mitre.org/techniques/T1218/013)"
"\[MMC\](https://attack.mitre.org/techniques/T1218/014)","\[more on T1218.014\](https://attack.mitre.org/techniques/T1218/014)"
"\[Remote Access Software\](https://attack.mitre.org/techniques/T1219)","\[more on T1219\](https://attack.mitre.org/techniques/T1219)"
"\[XSL Script Processing\](https://attack.mitre.org/techniques/T1220)","\[more on T1220\](https://attack.mitre.org/techniques/T1220)"
"\[Template Injection\](https://attack.mitre.org/techniques/T1221)","\[more on T1221\](https://attack.mitre.org/techniques/T1221)"
"\[File and Directory Permissions Modification\](https://attack.mitre.org/techniques/T1222)","\[more on T1222\](https://attack.mitre.org/techniques/T1222)"
"\[Windows File and Directory Permissions Modification\](https://attack.mitre.org/techniques/T1222/001)","\[more on T1222.001\](https://attack.mitre.org/techniques/T1222/001)"
"\[Linux and Mac File and Directory Permissions Modification\](https://attack.mitre.org/techniques/T1222/002)","\[more on T1222.002\](https://attack.mitre.org/techniques/T1222/002)"
"\[Execution Guardrails\](https://attack.mitre.org/techniques/T1480)","\[more on T1480\](https://attack.mitre.org/techniques/T1480)"
"\[Environmental Keying\](https://attack.mitre.org/techniques/T1480/001)","\[more on T1480.001\](https://attack.mitre.org/techniques/T1480/001)"
"\[Domain Trust Discovery\](https://attack.mitre.org/techniques/T1482)","\[more on T1482\](https://attack.mitre.org/techniques/T1482)"
"\[Domain Policy Modification\](https://attack.mitre.org/techniques/T1484)","\[more on T1484\](https://attack.mitre.org/techniques/T1484)"
"\[Group Policy Modification\](https://attack.mitre.org/techniques/T1484/001)","\[more on T1484.001\](https://attack.mitre.org/techniques/T1484/001)"
"\[Domain Trust Modification\](https://attack.mitre.org/techniques/T1484/002)","\[more on T1484.002\](https://attack.mitre.org/techniques/T1484/002)"
"\[Data Destruction\](https://attack.mitre.org/techniques/T1485)","\[more on T1485\](https://attack.mitre.org/techniques/T1485)"
"\[Data Encrypted for Impact\](https://attack.mitre.org/techniques/T1486)","\[more on T1486\](https://attack.mitre.org/techniques/T1486)"
"\[Service Stop\](https://attack.mitre.org/techniques/T1489)","\[more on T1489\](https://attack.mitre.org/techniques/T1489)"
"\[Inhibit System Recovery\](https://attack.mitre.org/techniques/T1490)","\[more on T1490\](https://attack.mitre.org/techniques/T1490)"
"\[Defacement\](https://attack.mitre.org/techniques/T1491)","\[more on T1491\](https://attack.mitre.org/techniques/T1491)"
"\[Internal Defacement\](https://attack.mitre.org/techniques/T1491/001)","\[more on T1491.001\](https://attack.mitre.org/techniques/T1491/001)"
"\[External Defacement\](https://attack.mitre.org/techniques/T1491/002)","\[more on T1491.002\](https://attack.mitre.org/techniques/T1491/002)"
"\[Firmware Corruption\](https://attack.mitre.org/techniques/T1495)","\[more on T1495\](https://attack.mitre.org/techniques/T1495)"
"\[Resource Hijacking\](https://attack.mitre.org/techniques/T1496)","\[more on T1496\](https://attack.mitre.org/techniques/T1496)"
"\[Virtualization/Sandbox Evasion\](https://attack.mitre.org/techniques/T1497)","\[more on T1497\](https://attack.mitre.org/techniques/T1497)"
"\[System Checks\](https://attack.mitre.org/techniques/T1497/001)","\[more on T1497.001\](https://attack.mitre.org/techniques/T1497/001)"
"\[User Activity Based Checks\](https://attack.mitre.org/techniques/T1497/002)","\[more on T1497.002\](https://attack.mitre.org/techniques/T1497/002)"
"\[Time Based Evasion\](https://attack.mitre.org/techniques/T1497/003)","\[more on T1497.003\](https://attack.mitre.org/techniques/T1497/003)"
"\[Network Denial of Service\](https://attack.mitre.org/techniques/T1498)","\[more on T1498\](https://attack.mitre.org/techniques/T1498)"
"\[Direct Network Flood\](https://attack.mitre.org/techniques/T1498/001)","\[more on T1498.001\](https://attack.mitre.org/techniques/T1498/001)"
"\[Reflection Amplification\](https://attack.mitre.org/techniques/T1498/002)","\[more on T1498.002\](https://attack.mitre.org/techniques/T1498/002)"
"\[Endpoint Denial of Service\](https://attack.mitre.org/techniques/T1499)","\[more on T1499\](https://attack.mitre.org/techniques/T1499)"
"\[OS Exhaustion Flood\](https://attack.mitre.org/techniques/T1499/001)","\[more on T1499.001\](https://attack.mitre.org/techniques/T1499/001)"
"\[Service Exhaustion Flood\](https://attack.mitre.org/techniques/T1499/002)","\[more on T1499.002\](https://attack.mitre.org/techniques/T1499/002)"
"\[Application Exhaustion Flood\](https://attack.mitre.org/techniques/T1499/003)","\[more on T1499.003\](https://attack.mitre.org/techniques/T1499/003)"
"\[Application or System Exploitation\](https://attack.mitre.org/techniques/T1499/004)","\[more on T1499.004\](https://attack.mitre.org/techniques/T1499/004)"
"\[Server Software Component\](https://attack.mitre.org/techniques/T1505)","\[more on T1505\](https://attack.mitre.org/techniques/T1505)"
"\[SQL Stored Procedures\](https://attack.mitre.org/techniques/T1505/001)","\[more on T1505.001\](https://attack.mitre.org/techniques/T1505/001)"
"\[Transport Agent\](https://attack.mitre.org/techniques/T1505/002)","\[more on T1505.002\](https://attack.mitre.org/techniques/T1505/002)"
"\[Web Shell\](https://attack.mitre.org/techniques/T1505/003)","\[more on T1505.003\](https://attack.mitre.org/techniques/T1505/003)"
"\[IIS Components\](https://attack.mitre.org/techniques/T1505/004)","\[more on T1505.004\](https://attack.mitre.org/techniques/T1505/004)"
"\[Software Discovery\](https://attack.mitre.org/techniques/T1518)","\[more on T1518\](https://attack.mitre.org/techniques/T1518)"
"\[Security Software Discovery\](https://attack.mitre.org/techniques/T1518/001)","\[more on T1518.001\](https://attack.mitre.org/techniques/T1518/001)"
"\[Implant Internal Image\](https://attack.mitre.org/techniques/T1525)","\[more on T1525\](https://attack.mitre.org/techniques/T1525)"
"\[Cloud Service Discovery\](https://attack.mitre.org/techniques/T1526)","\[more on T1526\](https://attack.mitre.org/techniques/T1526)"
"\[Steal Application Access Token\](https://attack.mitre.org/techniques/T1528)","\[more on T1528\](https://attack.mitre.org/techniques/T1528)"
"\[System Shutdown/Reboot\](https://attack.mitre.org/techniques/T1529)","\[more on T1529\](https://attack.mitre.org/techniques/T1529)"
"\[Data from Cloud Storage Object\](https://attack.mitre.org/techniques/T1530)","\[more on T1530\](https://attack.mitre.org/techniques/T1530)"
"\[Account Access Removal\](https://attack.mitre.org/techniques/T1531)","\[more on T1531\](https://attack.mitre.org/techniques/T1531)"
"\[Internal Spearphishing\](https://attack.mitre.org/techniques/T1534)","\[more on T1534\](https://attack.mitre.org/techniques/T1534)"
"\[Unused/Unsupported Cloud Regions\](https://attack.mitre.org/techniques/T1535)","\[more on T1535\](https://attack.mitre.org/techniques/T1535)"
"\[Transfer Data to Cloud Account\](https://attack.mitre.org/techniques/T1537)","\[more on T1537\](https://attack.mitre.org/techniques/T1537)"
"\[Cloud Service Dashboard\](https://attack.mitre.org/techniques/T1538)","\[more on T1538\](https://attack.mitre.org/techniques/T1538)"
"\[Steal Web Session Cookie\](https://attack.mitre.org/techniques/T1539)","\[more on T1539\](https://attack.mitre.org/techniques/T1539)"
"\[Pre-OS Boot\](https://attack.mitre.org/techniques/T1542)","\[more on T1542\](https://attack.mitre.org/techniques/T1542)"
"\[System Firmware\](https://attack.mitre.org/techniques/T1542/001)","\[more on T1542.001\](https://attack.mitre.org/techniques/T1542/001)"
"\[Component Firmware\](https://attack.mitre.org/techniques/T1542/002)","\[more on T1542.002\](https://attack.mitre.org/techniques/T1542/002)"
"\[Bootkit\](https://attack.mitre.org/techniques/T1542/003)","\[more on T1542.003\](https://attack.mitre.org/techniques/T1542/003)"
"\[ROMMONkit\](https://attack.mitre.org/techniques/T1542/004)","\[more on T1542.004\](https://attack.mitre.org/techniques/T1542/004)"
"\[TFTP Boot\](https://attack.mitre.org/techniques/T1542/005)","\[more on T1542.005\](https://attack.mitre.org/techniques/T1542/005)"
"\[Create or Modify System Process\](https://attack.mitre.org/techniques/T1543)","\[more on T1543\](https://attack.mitre.org/techniques/T1543)"
"\[Launch Agent\](https://attack.mitre.org/techniques/T1543/001)","\[more on T1543.001\](https://attack.mitre.org/techniques/T1543/001)"
"\[Systemd Service\](https://attack.mitre.org/techniques/T1543/002)","\[more on T1543.002\](https://attack.mitre.org/techniques/T1543/002)"
"\[Windows Service\](https://attack.mitre.org/techniques/T1543/003)","\[more on T1543.003\](https://attack.mitre.org/techniques/T1543/003)"
"\[Launch Daemon\](https://attack.mitre.org/techniques/T1543/004)","\[more on T1543.004\](https://attack.mitre.org/techniques/T1543/004)"
"\[Event Triggered Execution\](https://attack.mitre.org/techniques/T1546)","\[more on T1546\](https://attack.mitre.org/techniques/T1546)"
"\[Change Default File Association\](https://attack.mitre.org/techniques/T1546/001)","\[more on T1546.001\](https://attack.mitre.org/techniques/T1546/001)"
"\[Screensaver\](https://attack.mitre.org/techniques/T1546/002)","\[more on T1546.002\](https://attack.mitre.org/techniques/T1546/002)"
"\[Windows Management Instrumentation Event Subscription\](https://attack.mitre.org/techniques/T1546/003)","\[more on T1546.003\](https://attack.mitre.org/techniques/T1546/003)"
"\[Unix Shell Configuration Modification\](https://attack.mitre.org/techniques/T1546/004)","\[more on T1546.004\](https://attack.mitre.org/techniques/T1546/004)"
"\[Trap\](https://attack.mitre.org/techniques/T1546/005)","\[more on T1546.005\](https://attack.mitre.org/techniques/T1546/005)"
"\[LC_LOAD_DYLIB Addition\](https://attack.mitre.org/techniques/T1546/006)","\[more on T1546.006\](https://attack.mitre.org/techniques/T1546/006)"
"\[Netsh Helper DLL\](https://attack.mitre.org/techniques/T1546/007)","\[more on T1546.007\](https://attack.mitre.org/techniques/T1546/007)"
"\[Accessibility Features\](https://attack.mitre.org/techniques/T1546/008)","\[more on T1546.008\](https://attack.mitre.org/techniques/T1546/008)"
"\[AppCert DLLs\](https://attack.mitre.org/techniques/T1546/009)","\[more on T1546.009\](https://attack.mitre.org/techniques/T1546/009)"
"\[AppInit DLLs\](https://attack.mitre.org/techniques/T1546/010)","\[more on T1546.010\](https://attack.mitre.org/techniques/T1546/010)"
"\[Application Shimming\](https://attack.mitre.org/techniques/T1546/011)","\[more on T1546.011\](https://attack.mitre.org/techniques/T1546/011)"
"\[Image File Execution Options Injection\](https://attack.mitre.org/techniques/T1546/012)","\[more on T1546.012\](https://attack.mitre.org/techniques/T1546/012)"
"\[PowerShell Profile\](https://attack.mitre.org/techniques/T1546/013)","\[more on T1546.013\](https://attack.mitre.org/techniques/T1546/013)"
"\[Emond\](https://attack.mitre.org/techniques/T1546/014)","\[more on T1546.014\](https://attack.mitre.org/techniques/T1546/014)"
"\[Component Object Model Hijacking\](https://attack.mitre.org/techniques/T1546/015)","\[more on T1546.015\](https://attack.mitre.org/techniques/T1546/015)"
"\[Boot or Logon Autostart Execution\](https://attack.mitre.org/techniques/T1547)","\[more on T1547\](https://attack.mitre.org/techniques/T1547)"
"\[Registry Run Keys / Startup Folder\](https://attack.mitre.org/techniques/T1547/001)","\[more on T1547.001\](https://attack.mitre.org/techniques/T1547/001)"
"\[Authentication Package\](https://attack.mitre.org/techniques/T1547/002)","\[more on T1547.002\](https://attack.mitre.org/techniques/T1547/002)"
"\[Time Providers\](https://attack.mitre.org/techniques/T1547/003)","\[more on T1547.003\](https://attack.mitre.org/techniques/T1547/003)"
"\[Winlogon Helper DLL\](https://attack.mitre.org/techniques/T1547/004)","\[more on T1547.004\](https://attack.mitre.org/techniques/T1547/004)"
"\[Security Support Provider\](https://attack.mitre.org/techniques/T1547/005)","\[more on T1547.005\](https://attack.mitre.org/techniques/T1547/005)"
"\[Kernel Modules and Extensions\](https://attack.mitre.org/techniques/T1547/006)","\[more on T1547.006\](https://attack.mitre.org/techniques/T1547/006)"
"\[Re-opened Applications\](https://attack.mitre.org/techniques/T1547/007)","\[more on T1547.007\](https://attack.mitre.org/techniques/T1547/007)"
"\[LSASS Driver\](https://attack.mitre.org/techniques/T1547/008)","\[more on T1547.008\](https://attack.mitre.org/techniques/T1547/008)"
"\[Shortcut Modification\](https://attack.mitre.org/techniques/T1547/009)","\[more on T1547.009\](https://attack.mitre.org/techniques/T1547/009)"
"\[Port Monitors\](https://attack.mitre.org/techniques/T1547/010)","\[more on T1547.010\](https://attack.mitre.org/techniques/T1547/010)"
"\[Plist Modification\](https://attack.mitre.org/techniques/T1547/011)","\[more on T1547.011\](https://attack.mitre.org/techniques/T1547/011)"
"\[Print Processors\](https://attack.mitre.org/techniques/T1547/012)","\[more on T1547.012\](https://attack.mitre.org/techniques/T1547/012)"
"\[XDG Autostart Entries\](https://attack.mitre.org/techniques/T1547/013)","\[more on T1547.013\](https://attack.mitre.org/techniques/T1547/013)"
"\[Active Setup\](https://attack.mitre.org/techniques/T1547/014)","\[more on T1547.014\](https://attack.mitre.org/techniques/T1547/014)"
"\[Login Items\](https://attack.mitre.org/techniques/T1547/015)","\[more on T1547.015\](https://attack.mitre.org/techniques/T1547/015)"
"\[Abuse Elevation Control Mechanism\](https://attack.mitre.org/techniques/T1548)","\[more on T1548\](https://attack.mitre.org/techniques/T1548)"
"\[Setuid and Setgid\](https://attack.mitre.org/techniques/T1548/001)","\[more on T1548.001\](https://attack.mitre.org/techniques/T1548/001)"
"\[Bypass User Account Control\](https://attack.mitre.org/techniques/T1548/002)","\[more on T1548.002\](https://attack.mitre.org/techniques/T1548/002)"
"\[Sudo and Sudo Caching\](https://attack.mitre.org/techniques/T1548/003)","\[more on T1548.003\](https://attack.mitre.org/techniques/T1548/003)"
"\[Elevated Execution with Prompt\](https://attack.mitre.org/techniques/T1548/004)","\[more on T1548.004\](https://attack.mitre.org/techniques/T1548/004)"
"\[Use Alternate Authentication Material\](https://attack.mitre.org/techniques/T1550)","\[more on T1550\](https://attack.mitre.org/techniques/T1550)"
"\[Application Access Token\](https://attack.mitre.org/techniques/T1550/001)","\[more on T1550.001\](https://attack.mitre.org/techniques/T1550/001)"
"\[Pass the Hash\](https://attack.mitre.org/techniques/T1550/002)","\[more on T1550.002\](https://attack.mitre.org/techniques/T1550/002)"
"\[Pass the Ticket\](https://attack.mitre.org/techniques/T1550/003)","\[more on T1550.003\](https://attack.mitre.org/techniques/T1550/003)"
"\[Web Session Cookie\](https://attack.mitre.org/techniques/T1550/004)","\[more on T1550.004\](https://attack.mitre.org/techniques/T1550/004)"
"\[Unsecured Credentials\](https://attack.mitre.org/techniques/T1552)","\[more on T1552\](https://attack.mitre.org/techniques/T1552)"
"\[Credentials In Files\](https://attack.mitre.org/techniques/T1552/001)","\[more on T1552.001\](https://attack.mitre.org/techniques/T1552/001)"
"\[Credentials in Registry\](https://attack.mitre.org/techniques/T1552/002)","\[more on T1552.002\](https://attack.mitre.org/techniques/T1552/002)"
"\[Bash History\](https://attack.mitre.org/techniques/T1552/003)","\[more on T1552.003\](https://attack.mitre.org/techniques/T1552/003)"
"\[Private Keys\](https://attack.mitre.org/techniques/T1552/004)","\[more on T1552.004\](https://attack.mitre.org/techniques/T1552/004)"
"\[Cloud Instance Metadata API\](https://attack.mitre.org/techniques/T1552/005)","\[more on T1552.005\](https://attack.mitre.org/techniques/T1552/005)"
"\[Group Policy Preferences\](https://attack.mitre.org/techniques/T1552/006)","\[more on T1552.006\](https://attack.mitre.org/techniques/T1552/006)"
"\[Container API\](https://attack.mitre.org/techniques/T1552/007)","\[more on T1552.007\](https://attack.mitre.org/techniques/T1552/007)"
"\[Subvert Trust Controls\](https://attack.mitre.org/techniques/T1553)","\[more on T1553\](https://attack.mitre.org/techniques/T1553)"
"\[Gatekeeper Bypass\](https://attack.mitre.org/techniques/T1553/001)","\[more on T1553.001\](https://attack.mitre.org/techniques/T1553/001)"
"\[Code Signing\](https://attack.mitre.org/techniques/T1553/002)","\[more on T1553.002\](https://attack.mitre.org/techniques/T1553/002)"
"\[SIP and Trust Provider Hijacking\](https://attack.mitre.org/techniques/T1553/003)","\[more on T1553.003\](https://attack.mitre.org/techniques/T1553/003)"
"\[Install Root Certificate\](https://attack.mitre.org/techniques/T1553/004)","\[more on T1553.004\](https://attack.mitre.org/techniques/T1553/004)"
"\[Mark-of-the-Web Bypass\](https://attack.mitre.org/techniques/T1553/005)","\[more on T1553.005\](https://attack.mitre.org/techniques/T1553/005)"
"\[Code Signing Policy Modification\](https://attack.mitre.org/techniques/T1553/006)","\[more on T1553.006\](https://attack.mitre.org/techniques/T1553/006)"
"\[Compromise Client Software Binary\](https://attack.mitre.org/techniques/T1554)","\[more on T1554\](https://attack.mitre.org/techniques/T1554)"
"\[Credentials from Password Stores\](https://attack.mitre.org/techniques/T1555)","\[more on T1555\](https://attack.mitre.org/techniques/T1555)"
"\[Keychain\](https://attack.mitre.org/techniques/T1555/001)","\[more on T1555.001\](https://attack.mitre.org/techniques/T1555/001)"
"\[Securityd Memory\](https://attack.mitre.org/techniques/T1555/002)","\[more on T1555.002\](https://attack.mitre.org/techniques/T1555/002)"
"\[Credentials from Web Browsers\](https://attack.mitre.org/techniques/T1555/003)","\[more on T1555.003\](https://attack.mitre.org/techniques/T1555/003)"
"\[Windows Credential Manager\](https://attack.mitre.org/techniques/T1555/004)","\[more on T1555.004\](https://attack.mitre.org/techniques/T1555/004)"
"\[Password Managers\](https://attack.mitre.org/techniques/T1555/005)","\[more on T1555.005\](https://attack.mitre.org/techniques/T1555/005)"
"\[Modify Authentication Process\](https://attack.mitre.org/techniques/T1556)","\[more on T1556\](https://attack.mitre.org/techniques/T1556)"
"\[Domain Controller Authentication\](https://attack.mitre.org/techniques/T1556/001)","\[more on T1556.001\](https://attack.mitre.org/techniques/T1556/001)"
"\[Password Filter DLL\](https://attack.mitre.org/techniques/T1556/002)","\[more on T1556.002\](https://attack.mitre.org/techniques/T1556/002)"
"\[Pluggable Authentication Modules\](https://attack.mitre.org/techniques/T1556/003)","\[more on T1556.003\](https://attack.mitre.org/techniques/T1556/003)"
"\[Network Device Authentication\](https://attack.mitre.org/techniques/T1556/004)","\[more on T1556.004\](https://attack.mitre.org/techniques/T1556/004)"
"\[Adversary-in-the-Middle\](https://attack.mitre.org/techniques/T1557)","\[more on T1557\](https://attack.mitre.org/techniques/T1557)"
"\[LLMNR/NBT-NS Poisoning and SMB Relay\](https://attack.mitre.org/techniques/T1557/001)","\[more on T1557.001\](https://attack.mitre.org/techniques/T1557/001)"
"\[ARP Cache Poisoning\](https://attack.mitre.org/techniques/T1557/002)","\[more on T1557.002\](https://attack.mitre.org/techniques/T1557/002)"
"\[Steal or Forge Kerberos Tickets\](https://attack.mitre.org/techniques/T1558)","\[more on T1558\](https://attack.mitre.org/techniques/T1558)"
"\[Golden Ticket\](https://attack.mitre.org/techniques/T1558/001)","\[more on T1558.001\](https://attack.mitre.org/techniques/T1558/001)"
"\[Silver Ticket\](https://attack.mitre.org/techniques/T1558/002)","\[more on T1558.002\](https://attack.mitre.org/techniques/T1558/002)"
"\[Kerberoasting\](https://attack.mitre.org/techniques/T1558/003)","\[more on T1558.003\](https://attack.mitre.org/techniques/T1558/003)"
"\[AS-REP Roasting\](https://attack.mitre.org/techniques/T1558/004)","\[more on T1558.004\](https://attack.mitre.org/techniques/T1558/004)"
"\[Inter-Process Communication\](https://attack.mitre.org/techniques/T1559)","\[more on T1559\](https://attack.mitre.org/techniques/T1559)"
"\[Component Object Model\](https://attack.mitre.org/techniques/T1559/001)","\[more on T1559.001\](https://attack.mitre.org/techniques/T1559/001)"
"\[Dynamic Data Exchange\](https://attack.mitre.org/techniques/T1559/002)","\[more on T1559.002\](https://attack.mitre.org/techniques/T1559/002)"
"\[Archive Collected Data\](https://attack.mitre.org/techniques/T1560)","\[more on T1560\](https://attack.mitre.org/techniques/T1560)"
"\[Archive via Utility\](https://attack.mitre.org/techniques/T1560/001)","\[more on T1560.001\](https://attack.mitre.org/techniques/T1560/001)"
"\[Archive via Library\](https://attack.mitre.org/techniques/T1560/002)","\[more on T1560.002\](https://attack.mitre.org/techniques/T1560/002)"
"\[Archive via Custom Method\](https://attack.mitre.org/techniques/T1560/003)","\[more on T1560.003\](https://attack.mitre.org/techniques/T1560/003)"
"\[Disk Wipe\](https://attack.mitre.org/techniques/T1561)","\[more on T1561\](https://attack.mitre.org/techniques/T1561)"
"\[Disk Content Wipe\](https://attack.mitre.org/techniques/T1561/001)","\[more on T1561.001\](https://attack.mitre.org/techniques/T1561/001)"
"\[Disk Structure Wipe\](https://attack.mitre.org/techniques/T1561/002)","\[more on T1561.002\](https://attack.mitre.org/techniques/T1561/002)"
"\[Impair Defenses\](https://attack.mitre.org/techniques/T1562)","\[more on T1562\](https://attack.mitre.org/techniques/T1562)"
"\[Disable or Modify Tools\](https://attack.mitre.org/techniques/T1562/001)","\[more on T1562.001\](https://attack.mitre.org/techniques/T1562/001)"
"\[Disable Windows Event Logging\](https://attack.mitre.org/techniques/T1562/002)","\[more on T1562.002\](https://attack.mitre.org/techniques/T1562/002)"
"\[Impair Command History Logging\](https://attack.mitre.org/techniques/T1562/003)","\[more on T1562.003\](https://attack.mitre.org/techniques/T1562/003)"
"\[Disable or Modify System Firewall\](https://attack.mitre.org/techniques/T1562/004)","\[more on T1562.004\](https://attack.mitre.org/techniques/T1562/004)"
"\[Indicator Blocking\](https://attack.mitre.org/techniques/T1562/006)","\[more on T1562.006\](https://attack.mitre.org/techniques/T1562/006)"
"\[Disable or Modify Cloud Firewall\](https://attack.mitre.org/techniques/T1562/007)","\[more on T1562.007\](https://attack.mitre.org/techniques/T1562/007)"
"\[Disable Cloud Logs\](https://attack.mitre.org/techniques/T1562/008)","\[more on T1562.008\](https://attack.mitre.org/techniques/T1562/008)"
"\[Safe Mode Boot\](https://attack.mitre.org/techniques/T1562/009)","\[more on T1562.009\](https://attack.mitre.org/techniques/T1562/009)"
"\[Downgrade Attack\](https://attack.mitre.org/techniques/T1562/010)","\[more on T1562.010\](https://attack.mitre.org/techniques/T1562/010)"
"\[Remote Service Session Hijacking\](https://attack.mitre.org/techniques/T1563)","\[more on T1563\](https://attack.mitre.org/techniques/T1563)"
"\[SSH Hijacking\](https://attack.mitre.org/techniques/T1563/001)","\[more on T1563.001\](https://attack.mitre.org/techniques/T1563/001)"
"\[RDP Hijacking\](https://attack.mitre.org/techniques/T1563/002)","\[more on T1563.002\](https://attack.mitre.org/techniques/T1563/002)"
"\[Hide Artifacts\](https://attack.mitre.org/techniques/T1564)","\[more on T1564\](https://attack.mitre.org/techniques/T1564)"
"\[Hidden Files and Directories\](https://attack.mitre.org/techniques/T1564/001)","\[more on T1564.001\](https://attack.mitre.org/techniques/T1564/001)"
"\[Hidden Users\](https://attack.mitre.org/techniques/T1564/002)","\[more on T1564.002\](https://attack.mitre.org/techniques/T1564/002)"
"\[Hidden Window\](https://attack.mitre.org/techniques/T1564/003)","\[more on T1564.003\](https://attack.mitre.org/techniques/T1564/003)"
"\[NTFS File Attributes\](https://attack.mitre.org/techniques/T1564/004)","\[more on T1564.004\](https://attack.mitre.org/techniques/T1564/004)"
"\[Hidden File System\](https://attack.mitre.org/techniques/T1564/005)","\[more on T1564.005\](https://attack.mitre.org/techniques/T1564/005)"
"\[Run Virtual Instance\](https://attack.mitre.org/techniques/T1564/006)","\[more on T1564.006\](https://attack.mitre.org/techniques/T1564/006)"
"\[VBA Stomping\](https://attack.mitre.org/techniques/T1564/007)","\[more on T1564.007\](https://attack.mitre.org/techniques/T1564/007)"
"\[Email Hiding Rules\](https://attack.mitre.org/techniques/T1564/008)","\[more on T1564.008\](https://attack.mitre.org/techniques/T1564/008)"
"\[Resource Forking\](https://attack.mitre.org/techniques/T1564/009)","\[more on T1564.009\](https://attack.mitre.org/techniques/T1564/009)"
"\[Data Manipulation\](https://attack.mitre.org/techniques/T1565)","\[more on T1565\](https://attack.mitre.org/techniques/T1565)"
"\[Stored Data Manipulation\](https://attack.mitre.org/techniques/T1565/001)","\[more on T1565.001\](https://attack.mitre.org/techniques/T1565/001)"
"\[Transmitted Data Manipulation\](https://attack.mitre.org/techniques/T1565/002)","\[more on T1565.002\](https://attack.mitre.org/techniques/T1565/002)"
"\[Runtime Data Manipulation\](https://attack.mitre.org/techniques/T1565/003)","\[more on T1565.003\](https://attack.mitre.org/techniques/T1565/003)"
"\[Phishing\](https://attack.mitre.org/techniques/T1566)","\[more on T1566\](https://attack.mitre.org/techniques/T1566)"
"\[Spearphishing Attachment\](https://attack.mitre.org/techniques/T1566/001)","\[more on T1566.001\](https://attack.mitre.org/techniques/T1566/001)"
"\[Spearphishing Link\](https://attack.mitre.org/techniques/T1566/002)","\[more on T1566.002\](https://attack.mitre.org/techniques/T1566/002)"
"\[Spearphishing via Service\](https://attack.mitre.org/techniques/T1566/003)","\[more on T1566.003\](https://attack.mitre.org/techniques/T1566/003)"
"\[Exfiltration Over Web Service\](https://attack.mitre.org/techniques/T1567)","\[more on T1567\](https://attack.mitre.org/techniques/T1567)"
"\[Exfiltration to Code Repository\](https://attack.mitre.org/techniques/T1567/001)","\[more on T1567.001\](https://attack.mitre.org/techniques/T1567/001)"
"\[Exfiltration to Cloud Storage\](https://attack.mitre.org/techniques/T1567/002)","\[more on T1567.002\](https://attack.mitre.org/techniques/T1567/002)"
"\[Dynamic Resolution\](https://attack.mitre.org/techniques/T1568)","\[more on T1568\](https://attack.mitre.org/techniques/T1568)"
"\[Fast Flux DNS\](https://attack.mitre.org/techniques/T1568/001)","\[more on T1568.001\](https://attack.mitre.org/techniques/T1568/001)"
"\[Domain Generation Algorithms\](https://attack.mitre.org/techniques/T1568/002)","\[more on T1568.002\](https://attack.mitre.org/techniques/T1568/002)"
"\[DNS Calculation\](https://attack.mitre.org/techniques/T1568/003)","\[more on T1568.003\](https://attack.mitre.org/techniques/T1568/003)"
"\[System Services\](https://attack.mitre.org/techniques/T1569)","\[more on T1569\](https://attack.mitre.org/techniques/T1569)"
"\[Launchctl\](https://attack.mitre.org/techniques/T1569/001)","\[more on T1569.001\](https://attack.mitre.org/techniques/T1569/001)"
"\[Service Execution\](https://attack.mitre.org/techniques/T1569/002)","\[more on T1569.002\](https://attack.mitre.org/techniques/T1569/002)"
"\[Lateral Tool Transfer\](https://attack.mitre.org/techniques/T1570)","\[more on T1570\](https://attack.mitre.org/techniques/T1570)"
"\[Non-Standard Port\](https://attack.mitre.org/techniques/T1571)","\[more on T1571\](https://attack.mitre.org/techniques/T1571)"
"\[Protocol Tunneling\](https://attack.mitre.org/techniques/T1572)","\[more on T1572\](https://attack.mitre.org/techniques/T1572)"
"\[Encrypted Channel\](https://attack.mitre.org/techniques/T1573)","\[more on T1573\](https://attack.mitre.org/techniques/T1573)"
"\[Symmetric Cryptography\](https://attack.mitre.org/techniques/T1573/001)","\[more on T1573.001\](https://attack.mitre.org/techniques/T1573/001)"
"\[Asymmetric Cryptography\](https://attack.mitre.org/techniques/T1573/002)","\[more on T1573.002\](https://attack.mitre.org/techniques/T1573/002)"
"\[Hijack Execution Flow\](https://attack.mitre.org/techniques/T1574)","\[more on T1574\](https://attack.mitre.org/techniques/T1574)"
"\[DLL Search Order Hijacking\](https://attack.mitre.org/techniques/T1574/001)","\[more on T1574.001\](https://attack.mitre.org/techniques/T1574/001)"
"\[DLL Side-Loading\](https://attack.mitre.org/techniques/T1574/002)","\[more on T1574.002\](https://attack.mitre.org/techniques/T1574/002)"
"\[Dylib Hijacking\](https://attack.mitre.org/techniques/T1574/004)","\[more on T1574.004\](https://attack.mitre.org/techniques/T1574/004)"
"\[Executable Installer File Permissions Weakness\](https://attack.mitre.org/techniques/T1574/005)","\[more on T1574.005\](https://attack.mitre.org/techniques/T1574/005)"
"\[Dynamic Linker Hijacking\](https://attack.mitre.org/techniques/T1574/006)","\[more on T1574.006\](https://attack.mitre.org/techniques/T1574/006)"
"\[Path Interception by PATH Environment Variable\](https://attack.mitre.org/techniques/T1574/007)","\[more on T1574.007\](https://attack.mitre.org/techniques/T1574/007)"
"\[Path Interception by Search Order Hijacking\](https://attack.mitre.org/techniques/T1574/008)","\[more on T1574.008\](https://attack.mitre.org/techniques/T1574/008)"
"\[Path Interception by Unquoted Path\](https://attack.mitre.org/techniques/T1574/009)","\[more on T1574.009\](https://attack.mitre.org/techniques/T1574/009)"
"\[Services File Permissions Weakness\](https://attack.mitre.org/techniques/T1574/010)","\[more on T1574.010\](https://attack.mitre.org/techniques/T1574/010)"
"\[Services Registry Permissions Weakness\](https://attack.mitre.org/techniques/T1574/011)","\[more on T1574.011\](https://attack.mitre.org/techniques/T1574/011)"
"\[COR_PROFILER\](https://attack.mitre.org/techniques/T1574/012)","\[more on T1574.012\](https://attack.mitre.org/techniques/T1574/012)"
"\[Modify Cloud Compute Infrastructure\](https://attack.mitre.org/techniques/T1578)","\[more on T1578\](https://attack.mitre.org/techniques/T1578)"
"\[Create Snapshot\](https://attack.mitre.org/techniques/T1578/001)","\[more on T1578.001\](https://attack.mitre.org/techniques/T1578/001)"
"\[Create Cloud Instance\](https://attack.mitre.org/techniques/T1578/002)","\[more on T1578.002\](https://attack.mitre.org/techniques/T1578/002)"
"\[Delete Cloud Instance\](https://attack.mitre.org/techniques/T1578/003)","\[more on T1578.003\](https://attack.mitre.org/techniques/T1578/003)"
"\[Revert Cloud Instance\](https://attack.mitre.org/techniques/T1578/004)","\[more on T1578.004\](https://attack.mitre.org/techniques/T1578/004)"
"\[Cloud Infrastructure Discovery\](https://attack.mitre.org/techniques/T1580)","\[more on T1580\](https://attack.mitre.org/techniques/T1580)"
"\[Acquire Infrastructure\](https://attack.mitre.org/techniques/T1583)","\[more on T1583\](https://attack.mitre.org/techniques/T1583)"
"\[Domains\](https://attack.mitre.org/techniques/T1583/001)","\[more on T1583.001\](https://attack.mitre.org/techniques/T1583/001)"
"\[DNS Server\](https://attack.mitre.org/techniques/T1583/002)","\[more on T1583.002\](https://attack.mitre.org/techniques/T1583/002)"
"\[Virtual Private Server\](https://attack.mitre.org/techniques/T1583/003)","\[more on T1583.003\](https://attack.mitre.org/techniques/T1583/003)"
"\[Server\](https://attack.mitre.org/techniques/T1583/004)","\[more on T1583.004\](https://attack.mitre.org/techniques/T1583/004)"
"\[Botnet\](https://attack.mitre.org/techniques/T1583/005)","\[more on T1583.005\](https://attack.mitre.org/techniques/T1583/005)"
"\[Web Services\](https://attack.mitre.org/techniques/T1583/006)","\[more on T1583.006\](https://attack.mitre.org/techniques/T1583/006)"
"\[Compromise Infrastructure\](https://attack.mitre.org/techniques/T1584)","\[more on T1584\](https://attack.mitre.org/techniques/T1584)"
"\[Domains\](https://attack.mitre.org/techniques/T1584/001)","\[more on T1584.001\](https://attack.mitre.org/techniques/T1584/001)"
"\[DNS Server\](https://attack.mitre.org/techniques/T1584/002)","\[more on T1584.002\](https://attack.mitre.org/techniques/T1584/002)"
"\[Virtual Private Server\](https://attack.mitre.org/techniques/T1584/003)","\[more on T1584.003\](https://attack.mitre.org/techniques/T1584/003)"
"\[Server\](https://attack.mitre.org/techniques/T1584/004)","\[more on T1584.004\](https://attack.mitre.org/techniques/T1584/004)"
"\[Botnet\](https://attack.mitre.org/techniques/T1584/005)","\[more on T1584.005\](https://attack.mitre.org/techniques/T1584/005)"
"\[Web Services\](https://attack.mitre.org/techniques/T1584/006)","\[more on T1584.006\](https://attack.mitre.org/techniques/T1584/006)"
"\[Establish Accounts\](https://attack.mitre.org/techniques/T1585)","\[more on T1585\](https://attack.mitre.org/techniques/T1585)"
"\[Social Media Accounts\](https://attack.mitre.org/techniques/T1585/001)","\[more on T1585.001\](https://attack.mitre.org/techniques/T1585/001)"
"\[Email Accounts\](https://attack.mitre.org/techniques/T1585/002)","\[more on T1585.002\](https://attack.mitre.org/techniques/T1585/002)"
"\[Compromise Accounts\](https://attack.mitre.org/techniques/T1586)","\[more on T1586\](https://attack.mitre.org/techniques/T1586)"
"\[Social Media Accounts\](https://attack.mitre.org/techniques/T1586/001)","\[more on T1586.001\](https://attack.mitre.org/techniques/T1586/001)"
"\[Email Accounts\](https://attack.mitre.org/techniques/T1586/002)","\[more on T1586.002\](https://attack.mitre.org/techniques/T1586/002)"
"\[Develop Capabilities\](https://attack.mitre.org/techniques/T1587)","\[more on T1587\](https://attack.mitre.org/techniques/T1587)"
"\[Malware\](https://attack.mitre.org/techniques/T1587/001)","\[more on T1587.001\](https://attack.mitre.org/techniques/T1587/001)"
"\[Code Signing Certificates\](https://attack.mitre.org/techniques/T1587/002)","\[more on T1587.002\](https://attack.mitre.org/techniques/T1587/002)"
"\[Digital Certificates\](https://attack.mitre.org/techniques/T1587/003)","\[more on T1587.003\](https://attack.mitre.org/techniques/T1587/003)"
"\[Exploits\](https://attack.mitre.org/techniques/T1587/004)","\[more on T1587.004\](https://attack.mitre.org/techniques/T1587/004)"
"\[Obtain Capabilities\](https://attack.mitre.org/techniques/T1588)","\[more on T1588\](https://attack.mitre.org/techniques/T1588)"
"\[Malware\](https://attack.mitre.org/techniques/T1588/001)","\[more on T1588.001\](https://attack.mitre.org/techniques/T1588/001)"
"\[Tool\](https://attack.mitre.org/techniques/T1588/002)","\[more on T1588.002\](https://attack.mitre.org/techniques/T1588/002)"
"\[Code Signing Certificates\](https://attack.mitre.org/techniques/T1588/003)","\[more on T1588.003\](https://attack.mitre.org/techniques/T1588/003)"
"\[Digital Certificates\](https://attack.mitre.org/techniques/T1588/004)","\[more on T1588.004\](https://attack.mitre.org/techniques/T1588/004)"
"\[Exploits\](https://attack.mitre.org/techniques/T1588/005)","\[more on T1588.005\](https://attack.mitre.org/techniques/T1588/005)"
"\[Vulnerabilities\](https://attack.mitre.org/techniques/T1588/006)","\[more on T1588.006\](https://attack.mitre.org/techniques/T1588/006)"
"\[Gather Victim Identity Information\](https://attack.mitre.org/techniques/T1589)","\[more on T1589\](https://attack.mitre.org/techniques/T1589)"
"\[Credentials\](https://attack.mitre.org/techniques/T1589/001)","\[more on T1589.001\](https://attack.mitre.org/techniques/T1589/001)"
"\[Email Addresses\](https://attack.mitre.org/techniques/T1589/002)","\[more on T1589.002\](https://attack.mitre.org/techniques/T1589/002)"
"\[Employee Names\](https://attack.mitre.org/techniques/T1589/003)","\[more on T1589.003\](https://attack.mitre.org/techniques/T1589/003)"
"\[Gather Victim Network Information\](https://attack.mitre.org/techniques/T1590)","\[more on T1590\](https://attack.mitre.org/techniques/T1590)"
"\[Domain Properties\](https://attack.mitre.org/techniques/T1590/001)","\[more on T1590.001\](https://attack.mitre.org/techniques/T1590/001)"
"\[DNS\](https://attack.mitre.org/techniques/T1590/002)","\[more on T1590.002\](https://attack.mitre.org/techniques/T1590/002)"
"\[Network Trust Dependencies\](https://attack.mitre.org/techniques/T1590/003)","\[more on T1590.003\](https://attack.mitre.org/techniques/T1590/003)"
"\[Network Topology\](https://attack.mitre.org/techniques/T1590/004)","\[more on T1590.004\](https://attack.mitre.org/techniques/T1590/004)"
"\[IP Addresses\](https://attack.mitre.org/techniques/T1590/005)","\[more on T1590.005\](https://attack.mitre.org/techniques/T1590/005)"
"\[Network Security Appliances\](https://attack.mitre.org/techniques/T1590/006)","\[more on T1590.006\](https://attack.mitre.org/techniques/T1590/006)"
"\[Gather Victim Org Information\](https://attack.mitre.org/techniques/T1591)","\[more on T1591\](https://attack.mitre.org/techniques/T1591)"
"\[Determine Physical Locations\](https://attack.mitre.org/techniques/T1591/001)","\[more on T1591.001\](https://attack.mitre.org/techniques/T1591/001)"
"\[Business Relationships\](https://attack.mitre.org/techniques/T1591/002)","\[more on T1591.002\](https://attack.mitre.org/techniques/T1591/002)"
"\[Identify Business Tempo\](https://attack.mitre.org/techniques/T1591/003)","\[more on T1591.003\](https://attack.mitre.org/techniques/T1591/003)"
"\[Identify Roles\](https://attack.mitre.org/techniques/T1591/004)","\[more on T1591.004\](https://attack.mitre.org/techniques/T1591/004)"
"\[Gather Victim Host Information\](https://attack.mitre.org/techniques/T1592)","\[more on T1592\](https://attack.mitre.org/techniques/T1592)"
"\[Hardware\](https://attack.mitre.org/techniques/T1592/001)","\[more on T1592.001\](https://attack.mitre.org/techniques/T1592/001)"
"\[Software\](https://attack.mitre.org/techniques/T1592/002)","\[more on T1592.002\](https://attack.mitre.org/techniques/T1592/002)"
"\[Firmware\](https://attack.mitre.org/techniques/T1592/003)","\[more on T1592.003\](https://attack.mitre.org/techniques/T1592/003)"
"\[Client Configurations\](https://attack.mitre.org/techniques/T1592/004)","\[more on T1592.004\](https://attack.mitre.org/techniques/T1592/004)"
"\[Search Open Websites/Domains\](https://attack.mitre.org/techniques/T1593)","\[more on T1593\](https://attack.mitre.org/techniques/T1593)"
"\[Social Media\](https://attack.mitre.org/techniques/T1593/001)","\[more on T1593.001\](https://attack.mitre.org/techniques/T1593/001)"
"\[Search Engines\](https://attack.mitre.org/techniques/T1593/002)","\[more on T1593.002\](https://attack.mitre.org/techniques/T1593/002)"
"\[Search Victim-Owned Websites\](https://attack.mitre.org/techniques/T1594)","\[more on T1594\](https://attack.mitre.org/techniques/T1594)"
"\[Active Scanning\](https://attack.mitre.org/techniques/T1595)","\[more on T1595\](https://attack.mitre.org/techniques/T1595)"
"\[Scanning IP Blocks\](https://attack.mitre.org/techniques/T1595/001)","\[more on T1595.001\](https://attack.mitre.org/techniques/T1595/001)"
"\[Vulnerability Scanning\](https://attack.mitre.org/techniques/T1595/002)","\[more on T1595.002\](https://attack.mitre.org/techniques/T1595/002)"
"\[Search Open Technical Databases\](https://attack.mitre.org/techniques/T1596)","\[more on T1596\](https://attack.mitre.org/techniques/T1596)"
"\[DNS/Passive DNS\](https://attack.mitre.org/techniques/T1596/001)","\[more on T1596.001\](https://attack.mitre.org/techniques/T1596/001)"
"\[WHOIS\](https://attack.mitre.org/techniques/T1596/002)","\[more on T1596.002\](https://attack.mitre.org/techniques/T1596/002)"
"\[Digital Certificates\](https://attack.mitre.org/techniques/T1596/003)","\[more on T1596.003\](https://attack.mitre.org/techniques/T1596/003)"
"\[CDNs\](https://attack.mitre.org/techniques/T1596/004)","\[more on T1596.004\](https://attack.mitre.org/techniques/T1596/004)"
"\[Scan Databases\](https://attack.mitre.org/techniques/T1596/005)","\[more on T1596.005\](https://attack.mitre.org/techniques/T1596/005)"
"\[Search Closed Sources\](https://attack.mitre.org/techniques/T1597)","\[more on T1597\](https://attack.mitre.org/techniques/T1597)"
"\[Threat Intel Vendors\](https://attack.mitre.org/techniques/T1597/001)","\[more on T1597.001\](https://attack.mitre.org/techniques/T1597/001)"
"\[Purchase Technical Data\](https://attack.mitre.org/techniques/T1597/002)","\[more on T1597.002\](https://attack.mitre.org/techniques/T1597/002)"
"\[Phishing for Information\](https://attack.mitre.org/techniques/T1598)","\[more on T1598\](https://attack.mitre.org/techniques/T1598)"
"\[Spearphishing Service\](https://attack.mitre.org/techniques/T1598/001)","\[more on T1598.001\](https://attack.mitre.org/techniques/T1598/001)"
"\[Spearphishing Attachment\](https://attack.mitre.org/techniques/T1598/002)","\[more on T1598.002\](https://attack.mitre.org/techniques/T1598/002)"
"\[Spearphishing Link\](https://attack.mitre.org/techniques/T1598/003)","\[more on T1598.003\](https://attack.mitre.org/techniques/T1598/003)"
"\[Network Boundary Bridging\](https://attack.mitre.org/techniques/T1599)","\[more on T1599\](https://attack.mitre.org/techniques/T1599)"
"\[Network Address Translation Traversal\](https://attack.mitre.org/techniques/T1599/001)","\[more on T1599.001\](https://attack.mitre.org/techniques/T1599/001)"
"\[Weaken Encryption\](https://attack.mitre.org/techniques/T1600)","\[more on T1600\](https://attack.mitre.org/techniques/T1600)"
"\[Reduce Key Space\](https://attack.mitre.org/techniques/T1600/001)","\[more on T1600.001\](https://attack.mitre.org/techniques/T1600/001)"
"\[Disable Crypto Hardware\](https://attack.mitre.org/techniques/T1600/002)","\[more on T1600.002\](https://attack.mitre.org/techniques/T1600/002)"
"\[Modify System Image\](https://attack.mitre.org/techniques/T1601)","\[more on T1601\](https://attack.mitre.org/techniques/T1601)"
"\[Patch System Image\](https://attack.mitre.org/techniques/T1601/001)","\[more on T1601.001\](https://attack.mitre.org/techniques/T1601/001)"
"\[Downgrade System Image\](https://attack.mitre.org/techniques/T1601/002)","\[more on T1601.002\](https://attack.mitre.org/techniques/T1601/002)"
"\[Data from Configuration Repository\](https://attack.mitre.org/techniques/T1602)","\[more on T1602\](https://attack.mitre.org/techniques/T1602)"
"\[SNMP (MIB Dump)\](https://attack.mitre.org/techniques/T1602/001)","\[more on T1602.001\](https://attack.mitre.org/techniques/T1602/001)"
"\[Network Device Configuration Dump\](https://attack.mitre.org/techniques/T1602/002)","\[more on T1602.002\](https://attack.mitre.org/techniques/T1602/002)"
"\[Forge Web Credentials\](https://attack.mitre.org/techniques/T1606)","\[more on T1606\](https://attack.mitre.org/techniques/T1606)"
"\[Web Cookies\](https://attack.mitre.org/techniques/T1606/001)","\[more on T1606.001\](https://attack.mitre.org/techniques/T1606/001)"
"\[SAML Tokens\](https://attack.mitre.org/techniques/T1606/002)","\[more on T1606.002\](https://attack.mitre.org/techniques/T1606/002)"
"\[Stage Capabilities\](https://attack.mitre.org/techniques/T1608)","\[more on T1608\](https://attack.mitre.org/techniques/T1608)"
"\[Upload Malware\](https://attack.mitre.org/techniques/T1608/001)","\[more on T1608.001\](https://attack.mitre.org/techniques/T1608/001)"
"\[Upload Tool\](https://attack.mitre.org/techniques/T1608/002)","\[more on T1608.002\](https://attack.mitre.org/techniques/T1608/002)"
"\[Install Digital Certificate\](https://attack.mitre.org/techniques/T1608/003)","\[more on T1608.003\](https://attack.mitre.org/techniques/T1608/003)"
"\[Drive-by Target\](https://attack.mitre.org/techniques/T1608/004)","\[more on T1608.004\](https://attack.mitre.org/techniques/T1608/004)"
"\[Link Target\](https://attack.mitre.org/techniques/T1608/005)","\[more on T1608.005\](https://attack.mitre.org/techniques/T1608/005)"
"\[Container Administration Command\](https://attack.mitre.org/techniques/T1609)","\[more on T1609\](https://attack.mitre.org/techniques/T1609)"
"\[Deploy Container\](https://attack.mitre.org/techniques/T1610)","\[more on T1610\](https://attack.mitre.org/techniques/T1610)"
"\[Escape to Host\](https://attack.mitre.org/techniques/T1611)","\[more on T1611\](https://attack.mitre.org/techniques/T1611)"
"\[Build Image on Host\](https://attack.mitre.org/techniques/T1612)","\[more on T1612\](https://attack.mitre.org/techniques/T1612)"
"\[Container and Resource Discovery\](https://attack.mitre.org/techniques/T1613)","\[more on T1613\](https://attack.mitre.org/techniques/T1613)"
"\[System Location Discovery\](https://attack.mitre.org/techniques/T1614)","\[more on T1614\](https://attack.mitre.org/techniques/T1614)"
"\[System Language Discovery\](https://attack.mitre.org/techniques/T1614/001)","\[more on T1614.001\](https://attack.mitre.org/techniques/T1614/001)"
"\[Group Policy Discovery\](https://attack.mitre.org/techniques/T1615)","\[more on T1615\](https://attack.mitre.org/techniques/T1615)"
"\[Cloud Storage Object Discovery\](https://attack.mitre.org/techniques/T1619)","\[more on T1619\](https://attack.mitre.org/techniques/T1619)"
"\[Reflective Code Loading\](https://attack.mitre.org/techniques/T1620)","\[more on T1620\](https://attack.mitre.org/techniques/T1620)"
