EXTERNAL_URL,INTERNAL_URL
\[Data Obfuscation\](https://attack.mitre.org/techniques/T1001),\[\[T1001_Data Obfuscation|Data Obfuscation (T1001)\]\]
\[Junk Data\](https://attack.mitre.org/techniques/T1001/001),\[\[T1001_Data Obfuscation#Junk Data - T1001 001|Junk Data (T1001.001)\]\]
\[Steganography\](https://attack.mitre.org/techniques/T1001/002),\[\[T1001_Data Obfuscation#Steganography - T1001 002|Steganography (T1001.002)\]\]
\[Protocol Impersonation\](https://attack.mitre.org/techniques/T1001/003),\[\[T1001_Data Obfuscation#Protocol Impersonation - T1001 003|Protocol Impersonation (T1001.003)\]\]
\[OS Credential Dumping\](https://attack.mitre.org/techniques/T1003),\[\[T1003_OS Credential Dumping|OS Credential Dumping (T1003)\]\]
\[LSASS Memory\](https://attack.mitre.org/techniques/T1003/001),\[\[T1003_OS Credential Dumping#LSASS Memory - T1003 001|LSASS Memory (T1003.001)\]\]
\[Security Account Manager\](https://attack.mitre.org/techniques/T1003/002),\[\[T1003_OS Credential Dumping#Security Account Manager - T1003 002|Security Account Manager (T1003.002)\]\]
\[NTDS\](https://attack.mitre.org/techniques/T1003/003),\[\[T1003_OS Credential Dumping#NTDS - T1003 003|NTDS (T1003.003)\]\]
\[LSA Secrets\](https://attack.mitre.org/techniques/T1003/004),\[\[T1003_OS Credential Dumping#LSA Secrets - T1003 004|LSA Secrets (T1003.004)\]\]
\[Cached Domain Credentials\](https://attack.mitre.org/techniques/T1003/005),\[\[T1003_OS Credential Dumping#Cached Domain Credentials - T1003 005|Cached Domain Credentials (T1003.005)\]\]
\[DCSync\](https://attack.mitre.org/techniques/T1003/006),\[\[T1003_OS Credential Dumping#DCSync - T1003 006|DCSync (T1003.006)\]\]
\[Proc Filesystem\](https://attack.mitre.org/techniques/T1003/007),\[\[T1003_OS Credential Dumping#Proc Filesystem - T1003 007|Proc Filesystem (T1003.007)\]\]
\[/etc/passwd and /etc/shadow\](https://attack.mitre.org/techniques/T1003/008),\[\[T1003_OS Credential Dumping#/etc/passwd and /etc/shadow - T1003 008|/etc/passwd and /etc/shadow (T1003.008)\]\]
\[Data from Local System\](https://attack.mitre.org/techniques/T1005),\[\[T1005_Data from Local System|Data from Local System (T1005)\]\]
\[Direct Volume Access\](https://attack.mitre.org/techniques/T1006),\[\[T1006_Direct Volume Access|Direct Volume Access (T1006)\]\]
\[System Service Discovery\](https://attack.mitre.org/techniques/T1007),\[\[T1007_System Service Discovery|System Service Discovery (T1007)\]\]
\[Fallback Channels\](https://attack.mitre.org/techniques/T1008),\[\[T1008_Fallback Channels|Fallback Channels (T1008)\]\]
\[Application Window Discovery\](https://attack.mitre.org/techniques/T1010),\[\[T1010_Application Window Discovery|Application Window Discovery (T1010)\]\]
\[Exfiltration Over Other Network Medium\](https://attack.mitre.org/techniques/T1011),\[\[T1011_Exfiltration Over Other Network Medium|Exfiltration Over Other Network Medium (T1011)\]\]
\[Exfiltration Over Bluetooth\](https://attack.mitre.org/techniques/T1011/001),\[\[T1011_Exfiltration Over Other Network Medium#Exfiltration Over Bluetooth - T1011 001|Exfiltration Over Bluetooth (T1011.001)\]\]
\[Query Registry\](https://attack.mitre.org/techniques/T1012),\[\[T1012_Query Registry|Query Registry (T1012)\]\]
\[Rootkit\](https://attack.mitre.org/techniques/T1014),\[\[T1014_Rootkit|Rootkit (T1014)\]\]
\[System Network Configuration Discovery\](https://attack.mitre.org/techniques/T1016),\[\[T1016_System Network Configuration Discovery|System Network Configuration Discovery (T1016)\]\]
\[Internet Connection Discovery\](https://attack.mitre.org/techniques/T1016/001),\[\[T1016_System Network Configuration Discovery#Internet Connection Discovery - T1016 001|Internet Connection Discovery (T1016.001)\]\]
\[Remote System Discovery\](https://attack.mitre.org/techniques/T1018),\[\[T1018_Remote System Discovery|Remote System Discovery (T1018)\]\]
\[Automated Exfiltration\](https://attack.mitre.org/techniques/T1020),\[\[T1020_Automated Exfiltration|Automated Exfiltration (T1020)\]\]
\[Traffic Duplication\](https://attack.mitre.org/techniques/T1020/001),\[\[T1020_Automated Exfiltration#Traffic Duplication - T1020 001|Traffic Duplication (T1020.001)\]\]
\[Remote Services\](https://attack.mitre.org/techniques/T1021),\[\[T1021_Remote Services|Remote Services (T1021)\]\]
\[Remote Desktop Protocol\](https://attack.mitre.org/techniques/T1021/001),\[\[T1021_Remote Services#Remote Desktop Protocol - T1021 001|Remote Desktop Protocol (T1021.001)\]\]
\[SMB/Windows Admin Shares\](https://attack.mitre.org/techniques/T1021/002),\[\[T1021_Remote Services#SMB/Windows Admin Shares - T1021 002|SMB/Windows Admin Shares (T1021.002)\]\]
\[Distributed Component Object Model\](https://attack.mitre.org/techniques/T1021/003),\[\[T1021_Remote Services#Distributed Component Object Model - T1021 003|Distributed Component Object Model (T1021.003)\]\]
\[SSH\](https://attack.mitre.org/techniques/T1021/004),\[\[T1021_Remote Services#SSH - T1021 004|SSH (T1021.004)\]\]
\[VNC\](https://attack.mitre.org/techniques/T1021/005),\[\[T1021_Remote Services#VNC - T1021 005|VNC (T1021.005)\]\]
\[Windows Remote Management\](https://attack.mitre.org/techniques/T1021/006),\[\[T1021_Remote Services#Windows Remote Management - T1021 006|Windows Remote Management (T1021.006)\]\]
\[Data from Removable Media\](https://attack.mitre.org/techniques/T1025),\[\[T1025_Data from Removable Media|Data from Removable Media (T1025)\]\]
\[Obfuscated Files or Information\](https://attack.mitre.org/techniques/T1027),\[\[T1027_Obfuscated Files or Information|Obfuscated Files or Information (T1027)\]\]
\[Binary Padding\](https://attack.mitre.org/techniques/T1027/001),\[\[T1027_Obfuscated Files or Information#Binary Padding - T1027 001|Binary Padding (T1027.001)\]\]
\[Software Packing\](https://attack.mitre.org/techniques/T1027/002),\[\[T1027_Obfuscated Files or Information#Software Packing - T1027 002|Software Packing (T1027.002)\]\]
\[Steganography\](https://attack.mitre.org/techniques/T1027/003),\[\[T1027_Obfuscated Files or Information#Steganography - T1027 003|Steganography (T1027.003)\]\]
\[Compile After Delivery\](https://attack.mitre.org/techniques/T1027/004),\[\[T1027_Obfuscated Files or Information#Compile After Delivery - T1027 004|Compile After Delivery (T1027.004)\]\]
\[Indicator Removal from Tools\](https://attack.mitre.org/techniques/T1027/005),\[\[T1027_Obfuscated Files or Information#Indicator Removal from Tools - T1027 005|Indicator Removal from Tools (T1027.005)\]\]
\[HTML Smuggling\](https://attack.mitre.org/techniques/T1027/006),\[\[T1027_Obfuscated Files or Information#HTML Smuggling - T1027 006|HTML Smuggling (T1027.006)\]\]
\[Scheduled Transfer\](https://attack.mitre.org/techniques/T1029),\[\[T1029_Scheduled Transfer|Scheduled Transfer (T1029)\]\]
\[Data Transfer Size Limits\](https://attack.mitre.org/techniques/T1030),\[\[T1030_Data Transfer Size Limits|Data Transfer Size Limits (T1030)\]\]
\[System Owner/User Discovery\](https://attack.mitre.org/techniques/T1033),\[\[T1033_System Owner-User Discovery|System Owner/User Discovery (T1033)\]\]
\[Masquerading\](https://attack.mitre.org/techniques/T1036),\[\[T1036_Masquerading|Masquerading (T1036)\]\]
\[Invalid Code Signature\](https://attack.mitre.org/techniques/T1036/001),\[\[T1036_Masquerading#Invalid Code Signature - T1036 001|Invalid Code Signature (T1036.001)\]\]
\[Right-to-Left Override\](https://attack.mitre.org/techniques/T1036/002),\[\[T1036_Masquerading#Right-to-Left Override - T1036 002|Right-to-Left Override (T1036.002)\]\]
\[Rename System Utilities\](https://attack.mitre.org/techniques/T1036/003),\[\[T1036_Masquerading#Rename System Utilities - T1036 003|Rename System Utilities (T1036.003)\]\]
\[Masquerade Task or Service\](https://attack.mitre.org/techniques/T1036/004),\[\[T1036_Masquerading#Masquerade Task or Service - T1036 004|Masquerade Task or Service (T1036.004)\]\]
\[Match Legitimate Name or Location\](https://attack.mitre.org/techniques/T1036/005),\[\[T1036_Masquerading#Match Legitimate Name or Location - T1036 005|Match Legitimate Name or Location (T1036.005)\]\]
\[Space after Filename\](https://attack.mitre.org/techniques/T1036/006),\[\[T1036_Masquerading#Space after Filename - T1036 006|Space after Filename (T1036.006)\]\]
\[Double File Extension\](https://attack.mitre.org/techniques/T1036/007),\[\[T1036_Masquerading#Double File Extension - T1036 007|Double File Extension (T1036.007)\]\]
\[Boot or Logon Initialization Scripts\](https://attack.mitre.org/techniques/T1037),\[\[T1037_Boot or Logon Initialization Scripts|Boot or Logon Initialization Scripts (T1037)\]\]
\[Logon Script (Windows)\](https://attack.mitre.org/techniques/T1037/001),\[\[T1037_Boot or Logon Initialization Scripts#Logon Script (Windows) - T1037 001|Logon Script (Windows) (T1037.001)\]\]
\[Logon Script (Mac)\](https://attack.mitre.org/techniques/T1037/002),\[\[T1037_Boot or Logon Initialization Scripts#Logon Script (Mac) - T1037 002|Logon Script (Mac) (T1037.002)\]\]
\[Network Logon Script\](https://attack.mitre.org/techniques/T1037/003),\[\[T1037_Boot or Logon Initialization Scripts#Network Logon Script - T1037 003|Network Logon Script (T1037.003)\]\]
\[RC Scripts\](https://attack.mitre.org/techniques/T1037/004),\[\[T1037_Boot or Logon Initialization Scripts#RC Scripts - T1037 004|RC Scripts (T1037.004)\]\]
\[Startup Items\](https://attack.mitre.org/techniques/T1037/005),\[\[T1037_Boot or Logon Initialization Scripts#Startup Items - T1037 005|Startup Items (T1037.005)\]\]
\[Data from Network Shared Drive\](https://attack.mitre.org/techniques/T1039),\[\[T1039_Data from Network Shared Drive|Data from Network Shared Drive (T1039)\]\]
\[Network Sniffing\](https://attack.mitre.org/techniques/T1040),\[\[T1040_Network Sniffing|Network Sniffing (T1040)\]\]
\[Exfiltration Over C2 Channel\](https://attack.mitre.org/techniques/T1041),\[\[T1041_Exfiltration Over C2 Channel|Exfiltration Over C2 Channel (T1041)\]\]
\[Network Service Scanning\](https://attack.mitre.org/techniques/T1046),\[\[T1046_Network Service Scanning|Network Service Scanning (T1046)\]\]
\[Windows Management Instrumentation\](https://attack.mitre.org/techniques/T1047),\[\[T1047_Windows Management Instrumentation|Windows Management Instrumentation (T1047)\]\]
\[Exfiltration Over Alternative Protocol\](https://attack.mitre.org/techniques/T1048),\[\[T1048_Exfiltration Over Alternative Protocol|Exfiltration Over Alternative Protocol (T1048)\]\]
\[Exfiltration Over Symmetric Encrypted Non-C2 Protocol\](https://attack.mitre.org/techniques/T1048/001),\[\[T1048_Exfiltration Over Alternative Protocol#Exfiltration Over Symmetric Encrypted Non-C2 Protocol - T1048 001|Exfiltration Over Symmetric Encrypted Non-C2 Protocol (T1048.001)\]\]
\[Exfiltration Over Asymmetric Encrypted Non-C2 Protocol\](https://attack.mitre.org/techniques/T1048/002),\[\[T1048_Exfiltration Over Alternative Protocol#Exfiltration Over Asymmetric Encrypted Non-C2 Protocol - T1048 002|Exfiltration Over Asymmetric Encrypted Non-C2 Protocol (T1048.002)\]\]
\[Exfiltration Over Unencrypted/Obfuscated Non-C2 Protocol\](https://attack.mitre.org/techniques/T1048/003),\[\[T1048_Exfiltration Over Alternative Protocol#Exfiltration Over Unencrypted/Obfuscated Non-C2 Protocol - T1048 003|Exfiltration Over Unencrypted/Obfuscated Non-C2 Protocol (T1048.003)\]\]
\[System Network Connections Discovery\](https://attack.mitre.org/techniques/T1049),\[\[T1049_System Network Connections Discovery|System Network Connections Discovery (T1049)\]\]
\[Exfiltration Over Physical Medium\](https://attack.mitre.org/techniques/T1052),\[\[T1052_Exfiltration Over Physical Medium|Exfiltration Over Physical Medium (T1052)\]\]
\[Exfiltration over USB\](https://attack.mitre.org/techniques/T1052/001),\[\[T1052_Exfiltration Over Physical Medium#Exfiltration over USB - T1052 001|Exfiltration over USB (T1052.001)\]\]
\[Scheduled Task/Job\](https://attack.mitre.org/techniques/T1053),\[\[T1053_Scheduled Task-Job|Scheduled Task/Job (T1053)\]\]
\[At (Linux)\](https://attack.mitre.org/techniques/T1053/001),\[\[T1053_Scheduled Task-Job#At (Linux) - T1053 001|At (Linux) (T1053.001)\]\]
\[At (Windows)\](https://attack.mitre.org/techniques/T1053/002),\[\[T1053_Scheduled Task-Job#At (Windows) - T1053 002|At (Windows) (T1053.002)\]\]
\[Cron\](https://attack.mitre.org/techniques/T1053/003),\[\[T1053_Scheduled Task-Job#Cron - T1053 003|Cron (T1053.003)\]\]
\[Scheduled Task\](https://attack.mitre.org/techniques/T1053/005),\[\[T1053_Scheduled Task-Job#Scheduled Task - T1053 005|Scheduled Task (T1053.005)\]\]
\[Systemd Timers\](https://attack.mitre.org/techniques/T1053/006),\[\[T1053_Scheduled Task-Job#Systemd Timers - T1053 006|Systemd Timers (T1053.006)\]\]
\[Container Orchestration Job\](https://attack.mitre.org/techniques/T1053/007),\[\[T1053_Scheduled Task-Job#Container Orchestration Job - T1053 007|Container Orchestration Job (T1053.007)\]\]
\[Process Injection\](https://attack.mitre.org/techniques/T1055),\[\[T1055_Process Injection|Process Injection (T1055)\]\]
\[Dynamic-link Library Injection\](https://attack.mitre.org/techniques/T1055/001),\[\[T1055_Process Injection#Dynamic-link Library Injection - T1055 001|Dynamic-link Library Injection (T1055.001)\]\]
\[Portable Executable Injection\](https://attack.mitre.org/techniques/T1055/002),\[\[T1055_Process Injection#Portable Executable Injection - T1055 002|Portable Executable Injection (T1055.002)\]\]
\[Thread Execution Hijacking\](https://attack.mitre.org/techniques/T1055/003),\[\[T1055_Process Injection#Thread Execution Hijacking - T1055 003|Thread Execution Hijacking (T1055.003)\]\]
\[Asynchronous Procedure Call\](https://attack.mitre.org/techniques/T1055/004),\[\[T1055_Process Injection#Asynchronous Procedure Call - T1055 004|Asynchronous Procedure Call (T1055.004)\]\]
\[Thread Local Storage\](https://attack.mitre.org/techniques/T1055/005),\[\[T1055_Process Injection#Thread Local Storage - T1055 005|Thread Local Storage (T1055.005)\]\]
\[Ptrace System Calls\](https://attack.mitre.org/techniques/T1055/008),\[\[T1055_Process Injection#Ptrace System Calls - T1055 008|Ptrace System Calls (T1055.008)\]\]
\[Proc Memory\](https://attack.mitre.org/techniques/T1055/009),\[\[T1055_Process Injection#Proc Memory - T1055 009|Proc Memory (T1055.009)\]\]
\[Extra Window Memory Injection\](https://attack.mitre.org/techniques/T1055/011),\[\[T1055_Process Injection#Extra Window Memory Injection - T1055 011|Extra Window Memory Injection (T1055.011)\]\]
\[Process Hollowing\](https://attack.mitre.org/techniques/T1055/012),\[\[T1055_Process Injection#Process Hollowing - T1055 012|Process Hollowing (T1055.012)\]\]
\[Process Doppelgänging\](https://attack.mitre.org/techniques/T1055/013),\[\[T1055_Process Injection#Process Doppelgänging - T1055 013|Process Doppelgänging (T1055.013)\]\]
\[VDSO Hijacking\](https://attack.mitre.org/techniques/T1055/014),\[\[T1055_Process Injection#VDSO Hijacking - T1055 014|VDSO Hijacking (T1055.014)\]\]
\[Input Capture\](https://attack.mitre.org/techniques/T1056),\[\[T1056_Input Capture|Input Capture (T1056)\]\]
\[Keylogging\](https://attack.mitre.org/techniques/T1056/001),\[\[T1056_Input Capture#Keylogging - T1056 001|Keylogging (T1056.001)\]\]
\[GUI Input Capture\](https://attack.mitre.org/techniques/T1056/002),\[\[T1056_Input Capture#GUI Input Capture - T1056 002|GUI Input Capture (T1056.002)\]\]
\[Web Portal Capture\](https://attack.mitre.org/techniques/T1056/003),\[\[T1056_Input Capture#Web Portal Capture - T1056 003|Web Portal Capture (T1056.003)\]\]
\[Credential API Hooking\](https://attack.mitre.org/techniques/T1056/004),\[\[T1056_Input Capture#Credential API Hooking - T1056 004|Credential API Hooking (T1056.004)\]\]
\[Process Discovery\](https://attack.mitre.org/techniques/T1057),\[\[T1057_Process Discovery|Process Discovery (T1057)\]\]
\[Command and Scripting Interpreter\](https://attack.mitre.org/techniques/T1059),\[\[T1059_Command and Scripting Interpreter|Command and Scripting Interpreter (T1059)\]\]
\[PowerShell\](https://attack.mitre.org/techniques/T1059/001),\[\[T1059_Command and Scripting Interpreter#PowerShell - T1059 001|PowerShell (T1059.001)\]\]
\[AppleScript\](https://attack.mitre.org/techniques/T1059/002),\[\[T1059_Command and Scripting Interpreter#AppleScript - T1059 002|AppleScript (T1059.002)\]\]
\[Windows Command Shell\](https://attack.mitre.org/techniques/T1059/003),\[\[T1059_Command and Scripting Interpreter#Windows Command Shell - T1059 003|Windows Command Shell (T1059.003)\]\]
\[Unix Shell\](https://attack.mitre.org/techniques/T1059/004),\[\[T1059_Command and Scripting Interpreter#Unix Shell - T1059 004|Unix Shell (T1059.004)\]\]
\[Visual Basic\](https://attack.mitre.org/techniques/T1059/005),\[\[T1059_Command and Scripting Interpreter#Visual Basic - T1059 005|Visual Basic (T1059.005)\]\]
\[Python\](https://attack.mitre.org/techniques/T1059/006),\[\[T1059_Command and Scripting Interpreter#Python - T1059 006|Python (T1059.006)\]\]
\[JavaScript\](https://attack.mitre.org/techniques/T1059/007),\[\[T1059_Command and Scripting Interpreter#JavaScript - T1059 007|JavaScript (T1059.007)\]\]
\[Network Device CLI\](https://attack.mitre.org/techniques/T1059/008),\[\[T1059_Command and Scripting Interpreter#Network Device CLI - T1059 008|Network Device CLI (T1059.008)\]\]
\[Exploitation for Privilege Escalation\](https://attack.mitre.org/techniques/T1068),\[\[T1068_Exploitation for Privilege Escalation|Exploitation for Privilege Escalation (T1068)\]\]
\[Permission Groups Discovery\](https://attack.mitre.org/techniques/T1069),\[\[T1069_Permission Groups Discovery|Permission Groups Discovery (T1069)\]\]
\[Local Groups\](https://attack.mitre.org/techniques/T1069/001),\[\[T1069_Permission Groups Discovery#Local Groups - T1069 001|Local Groups (T1069.001)\]\]
\[Domain Groups\](https://attack.mitre.org/techniques/T1069/002),\[\[T1069_Permission Groups Discovery#Domain Groups - T1069 002|Domain Groups (T1069.002)\]\]
\[Cloud Groups\](https://attack.mitre.org/techniques/T1069/003),\[\[T1069_Permission Groups Discovery#Cloud Groups - T1069 003|Cloud Groups (T1069.003)\]\]
\[Indicator Removal on Host\](https://attack.mitre.org/techniques/T1070),\[\[T1070_Indicator Removal on Host|Indicator Removal on Host (T1070)\]\]
\[Clear Windows Event Logs\](https://attack.mitre.org/techniques/T1070/001),\[\[T1070_Indicator Removal on Host#Clear Windows Event Logs - T1070 001|Clear Windows Event Logs (T1070.001)\]\]
\[Clear Linux or Mac System Logs\](https://attack.mitre.org/techniques/T1070/002),\[\[T1070_Indicator Removal on Host#Clear Linux or Mac System Logs - T1070 002|Clear Linux or Mac System Logs (T1070.002)\]\]
\[Clear Command History\](https://attack.mitre.org/techniques/T1070/003),\[\[T1070_Indicator Removal on Host#Clear Command History - T1070 003|Clear Command History (T1070.003)\]\]
\[File Deletion\](https://attack.mitre.org/techniques/T1070/004),\[\[T1070_Indicator Removal on Host#File Deletion - T1070 004|File Deletion (T1070.004)\]\]
\[Network Share Connection Removal\](https://attack.mitre.org/techniques/T1070/005),\[\[T1070_Indicator Removal on Host#Network Share Connection Removal - T1070 005|Network Share Connection Removal (T1070.005)\]\]
\[Timestomp\](https://attack.mitre.org/techniques/T1070/006),\[\[T1070_Indicator Removal on Host#Timestomp - T1070 006|Timestomp (T1070.006)\]\]
\[Application Layer Protocol\](https://attack.mitre.org/techniques/T1071),\[\[T1071_Application Layer Protocol|Application Layer Protocol (T1071)\]\]
\[Web Protocols\](https://attack.mitre.org/techniques/T1071/001),\[\[T1071_Application Layer Protocol#Web Protocols - T1071 001|Web Protocols (T1071.001)\]\]
\[File Transfer Protocols\](https://attack.mitre.org/techniques/T1071/002),\[\[T1071_Application Layer Protocol#File Transfer Protocols - T1071 002|File Transfer Protocols (T1071.002)\]\]
\[Mail Protocols\](https://attack.mitre.org/techniques/T1071/003),\[\[T1071_Application Layer Protocol#Mail Protocols - T1071 003|Mail Protocols (T1071.003)\]\]
\[DNS\](https://attack.mitre.org/techniques/T1071/004),\[\[T1071_Application Layer Protocol#DNS - T1071 004|DNS (T1071.004)\]\]
\[Software Deployment Tools\](https://attack.mitre.org/techniques/T1072),\[\[T1072_Software Deployment Tools|Software Deployment Tools (T1072)\]\]
\[Data Staged\](https://attack.mitre.org/techniques/T1074),\[\[T1074_Data Staged|Data Staged (T1074)\]\]
\[Local Data Staging\](https://attack.mitre.org/techniques/T1074/001),\[\[T1074_Data Staged#Local Data Staging - T1074 001|Local Data Staging (T1074.001)\]\]
\[Remote Data Staging\](https://attack.mitre.org/techniques/T1074/002),\[\[T1074_Data Staged#Remote Data Staging - T1074 002|Remote Data Staging (T1074.002)\]\]
\[Valid Accounts\](https://attack.mitre.org/techniques/T1078),\[\[T1078_Valid Accounts|Valid Accounts (T1078)\]\]
\[Default Accounts\](https://attack.mitre.org/techniques/T1078/001),\[\[T1078_Valid Accounts#Default Accounts - T1078 001|Default Accounts (T1078.001)\]\]
\[Domain Accounts\](https://attack.mitre.org/techniques/T1078/002),\[\[T1078_Valid Accounts#Domain Accounts - T1078 002|Domain Accounts (T1078.002)\]\]
\[Local Accounts\](https://attack.mitre.org/techniques/T1078/003),\[\[T1078_Valid Accounts#Local Accounts - T1078 003|Local Accounts (T1078.003)\]\]
\[Cloud Accounts\](https://attack.mitre.org/techniques/T1078/004),\[\[T1078_Valid Accounts#Cloud Accounts - T1078 004|Cloud Accounts (T1078.004)\]\]
\[Taint Shared Content\](https://attack.mitre.org/techniques/T1080),\[\[T1080_Taint Shared Content|Taint Shared Content (T1080)\]\]
\[System Information Discovery\](https://attack.mitre.org/techniques/T1082),\[\[T1082_System Information Discovery|System Information Discovery (T1082)\]\]
\[File and Directory Discovery\](https://attack.mitre.org/techniques/T1083),\[\[T1083_File and Directory Discovery|File and Directory Discovery (T1083)\]\]
\[Account Discovery\](https://attack.mitre.org/techniques/T1087),\[\[T1087_Account Discovery|Account Discovery (T1087)\]\]
\[Local Account\](https://attack.mitre.org/techniques/T1087/001),\[\[T1087_Account Discovery#Local Account - T1087 001|Local Account (T1087.001)\]\]
\[Domain Account\](https://attack.mitre.org/techniques/T1087/002),\[\[T1087_Account Discovery#Domain Account - T1087 002|Domain Account (T1087.002)\]\]
\[Email Account\](https://attack.mitre.org/techniques/T1087/003),\[\[T1087_Account Discovery#Email Account - T1087 003|Email Account (T1087.003)\]\]
\[Cloud Account\](https://attack.mitre.org/techniques/T1087/004),\[\[T1087_Account Discovery#Cloud Account - T1087 004|Cloud Account (T1087.004)\]\]
\[Proxy\](https://attack.mitre.org/techniques/T1090),\[\[T1090_Proxy|Proxy (T1090)\]\]
\[Internal Proxy\](https://attack.mitre.org/techniques/T1090/001),\[\[T1090_Proxy#Internal Proxy - T1090 001|Internal Proxy (T1090.001)\]\]
\[External Proxy\](https://attack.mitre.org/techniques/T1090/002),\[\[T1090_Proxy#External Proxy - T1090 002|External Proxy (T1090.002)\]\]
\[Multi-hop Proxy\](https://attack.mitre.org/techniques/T1090/003),\[\[T1090_Proxy#Multi-hop Proxy - T1090 003|Multi-hop Proxy (T1090.003)\]\]
\[Domain Fronting\](https://attack.mitre.org/techniques/T1090/004),\[\[T1090_Proxy#Domain Fronting - T1090 004|Domain Fronting (T1090.004)\]\]
\[Replication Through Removable Media\](https://attack.mitre.org/techniques/T1091),\[\[T1091_Replication Through Removable Media|Replication Through Removable Media (T1091)\]\]
\[Communication Through Removable Media\](https://attack.mitre.org/techniques/T1092),\[\[T1092_Communication Through Removable Media|Communication Through Removable Media (T1092)\]\]
\[Non-Application Layer Protocol\](https://attack.mitre.org/techniques/T1095),\[\[T1095_Non-Application Layer Protocol|Non-Application Layer Protocol (T1095)\]\]
\[Account Manipulation\](https://attack.mitre.org/techniques/T1098),\[\[T1098_Account Manipulation|Account Manipulation (T1098)\]\]
\[Additional Cloud Credentials\](https://attack.mitre.org/techniques/T1098/001),\[\[T1098_Account Manipulation#Additional Cloud Credentials - T1098 001|Additional Cloud Credentials (T1098.001)\]\]
\[Exchange Email Delegate Permissions\](https://attack.mitre.org/techniques/T1098/002),\[\[T1098_Account Manipulation#Exchange Email Delegate Permissions - T1098 002|Exchange Email Delegate Permissions (T1098.002)\]\]
\[Add Office 365 Global Administrator Role\](https://attack.mitre.org/techniques/T1098/003),\[\[T1098_Account Manipulation#Add Office 365 Global Administrator Role - T1098 003|Add Office 365 Global Administrator Role (T1098.003)\]\]
\[SSH Authorized Keys\](https://attack.mitre.org/techniques/T1098/004),\[\[T1098_Account Manipulation#SSH Authorized Keys - T1098 004|SSH Authorized Keys (T1098.004)\]\]
\[Web Service\](https://attack.mitre.org/techniques/T1102),\[\[T1102_Web Service|Web Service (T1102)\]\]
\[Dead Drop Resolver\](https://attack.mitre.org/techniques/T1102/001),\[\[T1102_Web Service#Dead Drop Resolver - T1102 001|Dead Drop Resolver (T1102.001)\]\]
\[Bidirectional Communication\](https://attack.mitre.org/techniques/T1102/002),\[\[T1102_Web Service#Bidirectional Communication - T1102 002|Bidirectional Communication (T1102.002)\]\]
\[One-Way Communication\](https://attack.mitre.org/techniques/T1102/003),\[\[T1102_Web Service#One-Way Communication - T1102 003|One-Way Communication (T1102.003)\]\]
\[Multi-Stage Channels\](https://attack.mitre.org/techniques/T1104),\[\[T1104_Multi-Stage Channels|Multi-Stage Channels (T1104)\]\]
\[Ingress Tool Transfer\](https://attack.mitre.org/techniques/T1105),\[\[T1105_Ingress Tool Transfer|Ingress Tool Transfer (T1105)\]\]
\[Native API\](https://attack.mitre.org/techniques/T1106),\[\[T1106_Native API|Native API (T1106)\]\]
\[Brute Force\](https://attack.mitre.org/techniques/T1110),\[\[T1110_Brute Force|Brute Force (T1110)\]\]
\[Password Guessing\](https://attack.mitre.org/techniques/T1110/001),\[\[T1110_Brute Force#Password Guessing - T1110 001|Password Guessing (T1110.001)\]\]
\[Password Cracking\](https://attack.mitre.org/techniques/T1110/002),\[\[T1110_Brute Force#Password Cracking - T1110 002|Password Cracking (T1110.002)\]\]
\[Password Spraying\](https://attack.mitre.org/techniques/T1110/003),\[\[T1110_Brute Force#Password Spraying - T1110 003|Password Spraying (T1110.003)\]\]
\[Credential Stuffing\](https://attack.mitre.org/techniques/T1110/004),\[\[T1110_Brute Force#Credential Stuffing - T1110 004|Credential Stuffing (T1110.004)\]\]
\[Two-Factor Authentication Interception\](https://attack.mitre.org/techniques/T1111),\[\[T1111_Two-Factor Authentication Interception|Two-Factor Authentication Interception (T1111)\]\]
\[Modify Registry\](https://attack.mitre.org/techniques/T1112),\[\[T1112_Modify Registry|Modify Registry (T1112)\]\]
\[Screen Capture\](https://attack.mitre.org/techniques/T1113),\[\[T1113_Screen Capture|Screen Capture (T1113)\]\]
\[Email Collection\](https://attack.mitre.org/techniques/T1114),\[\[T1114_Email Collection|Email Collection (T1114)\]\]
\[Local Email Collection\](https://attack.mitre.org/techniques/T1114/001),\[\[T1114_Email Collection#Local Email Collection - T1114 001|Local Email Collection (T1114.001)\]\]
\[Remote Email Collection\](https://attack.mitre.org/techniques/T1114/002),\[\[T1114_Email Collection#Remote Email Collection - T1114 002|Remote Email Collection (T1114.002)\]\]
\[Email Forwarding Rule\](https://attack.mitre.org/techniques/T1114/003),\[\[T1114_Email Collection#Email Forwarding Rule - T1114 003|Email Forwarding Rule (T1114.003)\]\]
\[Clipboard Data\](https://attack.mitre.org/techniques/T1115),\[\[T1115_Clipboard Data|Clipboard Data (T1115)\]\]
\[Automated Collection\](https://attack.mitre.org/techniques/T1119),\[\[T1119_Automated Collection|Automated Collection (T1119)\]\]
\[Peripheral Device Discovery\](https://attack.mitre.org/techniques/T1120),\[\[T1120_Peripheral Device Discovery|Peripheral Device Discovery (T1120)\]\]
\[Audio Capture\](https://attack.mitre.org/techniques/T1123),\[\[T1123_Audio Capture|Audio Capture (T1123)\]\]
\[System Time Discovery\](https://attack.mitre.org/techniques/T1124),\[\[T1124_System Time Discovery|System Time Discovery (T1124)\]\]
\[Video Capture\](https://attack.mitre.org/techniques/T1125),\[\[T1125_Video Capture|Video Capture (T1125)\]\]
\[Trusted Developer Utilities Proxy Execution\](https://attack.mitre.org/techniques/T1127),\[\[T1127_Trusted Developer Utilities Proxy Execution|Trusted Developer Utilities Proxy Execution (T1127)\]\]
\[MSBuild\](https://attack.mitre.org/techniques/T1127/001),\[\[T1127_Trusted Developer Utilities Proxy Execution#MSBuild - T1127 001|MSBuild (T1127.001)\]\]
\[Shared Modules\](https://attack.mitre.org/techniques/T1129),\[\[T1129_Shared Modules|Shared Modules (T1129)\]\]
\[Data Encoding\](https://attack.mitre.org/techniques/T1132),\[\[T1132_Data Encoding|Data Encoding (T1132)\]\]
\[Standard Encoding\](https://attack.mitre.org/techniques/T1132/001),\[\[T1132_Data Encoding#Standard Encoding - T1132 001|Standard Encoding (T1132.001)\]\]
\[Non-Standard Encoding\](https://attack.mitre.org/techniques/T1132/002),\[\[T1132_Data Encoding#Non-Standard Encoding - T1132 002|Non-Standard Encoding (T1132.002)\]\]
\[External Remote Services\](https://attack.mitre.org/techniques/T1133),\[\[T1133_External Remote Services|External Remote Services (T1133)\]\]
\[Access Token Manipulation\](https://attack.mitre.org/techniques/T1134),\[\[T1134_Access Token Manipulation|Access Token Manipulation (T1134)\]\]
\[Token Impersonation/Theft\](https://attack.mitre.org/techniques/T1134/001),\[\[T1134_Access Token Manipulation#Token Impersonation/Theft - T1134 001|Token Impersonation/Theft (T1134.001)\]\]
\[Create Process with Token\](https://attack.mitre.org/techniques/T1134/002),\[\[T1134_Access Token Manipulation#Create Process with Token - T1134 002|Create Process with Token (T1134.002)\]\]
\[Make and Impersonate Token\](https://attack.mitre.org/techniques/T1134/003),\[\[T1134_Access Token Manipulation#Make and Impersonate Token - T1134 003|Make and Impersonate Token (T1134.003)\]\]
\[Parent PID Spoofing\](https://attack.mitre.org/techniques/T1134/004),\[\[T1134_Access Token Manipulation#Parent PID Spoofing - T1134 004|Parent PID Spoofing (T1134.004)\]\]
\[SID-History Injection\](https://attack.mitre.org/techniques/T1134/005),\[\[T1134_Access Token Manipulation#SID-History Injection - T1134 005|SID-History Injection (T1134.005)\]\]
\[Network Share Discovery\](https://attack.mitre.org/techniques/T1135),\[\[T1135_Network Share Discovery|Network Share Discovery (T1135)\]\]
\[Create Account\](https://attack.mitre.org/techniques/T1136),\[\[T1136_Create Account|Create Account (T1136)\]\]
\[Local Account\](https://attack.mitre.org/techniques/T1136/001),\[\[T1136_Create Account#Local Account - T1136 001|Local Account (T1136.001)\]\]
\[Domain Account\](https://attack.mitre.org/techniques/T1136/002),\[\[T1136_Create Account#Domain Account - T1136 002|Domain Account (T1136.002)\]\]
\[Cloud Account\](https://attack.mitre.org/techniques/T1136/003),\[\[T1136_Create Account#Cloud Account - T1136 003|Cloud Account (T1136.003)\]\]
\[Office Application Startup\](https://attack.mitre.org/techniques/T1137),\[\[T1137_Office Application Startup|Office Application Startup (T1137)\]\]
\[Office Template Macros\](https://attack.mitre.org/techniques/T1137/001),\[\[T1137_Office Application Startup#Office Template Macros - T1137 001|Office Template Macros (T1137.001)\]\]
\[Office Test\](https://attack.mitre.org/techniques/T1137/002),\[\[T1137_Office Application Startup#Office Test - T1137 002|Office Test (T1137.002)\]\]
\[Outlook Forms\](https://attack.mitre.org/techniques/T1137/003),\[\[T1137_Office Application Startup#Outlook Forms - T1137 003|Outlook Forms (T1137.003)\]\]
\[Outlook Home Page\](https://attack.mitre.org/techniques/T1137/004),\[\[T1137_Office Application Startup#Outlook Home Page - T1137 004|Outlook Home Page (T1137.004)\]\]
\[Outlook Rules\](https://attack.mitre.org/techniques/T1137/005),\[\[T1137_Office Application Startup#Outlook Rules - T1137 005|Outlook Rules (T1137.005)\]\]
\[Add-ins\](https://attack.mitre.org/techniques/T1137/006),\[\[T1137_Office Application Startup#Add-ins - T1137 006|Add-ins (T1137.006)\]\]
\[Deobfuscate/Decode Files or Information\](https://attack.mitre.org/techniques/T1140),\[\[T1140_Deobfuscate-Decode Files or Information|Deobfuscate/Decode Files or Information (T1140)\]\]
\[Browser Extensions\](https://attack.mitre.org/techniques/T1176),\[\[T1176_Browser Extensions|Browser Extensions (T1176)\]\]
\[Browser Session Hijacking\](https://attack.mitre.org/techniques/T1185),\[\[T1185_Browser Session Hijacking|Browser Session Hijacking (T1185)\]\]
\[Forced Authentication\](https://attack.mitre.org/techniques/T1187),\[\[T1187_Forced Authentication|Forced Authentication (T1187)\]\]
\[Drive-by Compromise\](https://attack.mitre.org/techniques/T1189),\[\[T1189_Drive-by Compromise|Drive-by Compromise (T1189)\]\]
\[Exploit Public-Facing Application\](https://attack.mitre.org/techniques/T1190),\[\[T1190_Exploit Public-Facing Application|Exploit Public-Facing Application (T1190)\]\]
\[Supply Chain Compromise\](https://attack.mitre.org/techniques/T1195),\[\[T1195_Supply Chain Compromise|Supply Chain Compromise (T1195)\]\]
\[Compromise Software Dependencies and Development Tools\](https://attack.mitre.org/techniques/T1195/001),\[\[T1195_Supply Chain Compromise#Compromise Software Dependencies and Development Tools - T1195 001|Compromise Software Dependencies and Development Tools (T1195.001)\]\]
\[Compromise Software Supply Chain\](https://attack.mitre.org/techniques/T1195/002),\[\[T1195_Supply Chain Compromise#Compromise Software Supply Chain - T1195 002|Compromise Software Supply Chain (T1195.002)\]\]
\[Compromise Hardware Supply Chain\](https://attack.mitre.org/techniques/T1195/003),\[\[T1195_Supply Chain Compromise#Compromise Hardware Supply Chain - T1195 003|Compromise Hardware Supply Chain (T1195.003)\]\]
\[BITS Jobs\](https://attack.mitre.org/techniques/T1197),\[\[T1197_BITS Jobs|BITS Jobs (T1197)\]\]
\[Trusted Relationship\](https://attack.mitre.org/techniques/T1199),\[\[T1199_Trusted Relationship|Trusted Relationship (T1199)\]\]
\[Hardware Additions\](https://attack.mitre.org/techniques/T1200),\[\[T1200_Hardware Additions|Hardware Additions (T1200)\]\]
\[Password Policy Discovery\](https://attack.mitre.org/techniques/T1201),\[\[T1201_Password Policy Discovery|Password Policy Discovery (T1201)\]\]
\[Indirect Command Execution\](https://attack.mitre.org/techniques/T1202),\[\[T1202_Indirect Command Execution|Indirect Command Execution (T1202)\]\]
\[Exploitation for Client Execution\](https://attack.mitre.org/techniques/T1203),\[\[T1203_Exploitation for Client Execution|Exploitation for Client Execution (T1203)\]\]
\[User Execution\](https://attack.mitre.org/techniques/T1204),\[\[T1204_User Execution|User Execution (T1204)\]\]
\[Malicious Link\](https://attack.mitre.org/techniques/T1204/001),\[\[T1204_User Execution#Malicious Link - T1204 001|Malicious Link (T1204.001)\]\]
\[Malicious File\](https://attack.mitre.org/techniques/T1204/002),\[\[T1204_User Execution#Malicious File - T1204 002|Malicious File (T1204.002)\]\]
\[Malicious Image\](https://attack.mitre.org/techniques/T1204/003),\[\[T1204_User Execution#Malicious Image - T1204 003|Malicious Image (T1204.003)\]\]
\[Traffic Signaling\](https://attack.mitre.org/techniques/T1205),\[\[T1205_Traffic Signaling|Traffic Signaling (T1205)\]\]
\[Port Knocking\](https://attack.mitre.org/techniques/T1205/001),\[\[T1205_Traffic Signaling#Port Knocking - T1205 001|Port Knocking (T1205.001)\]\]
\[Rogue Domain Controller\](https://attack.mitre.org/techniques/T1207),\[\[T1207_Rogue Domain Controller|Rogue Domain Controller (T1207)\]\]
\[Exploitation of Remote Services\](https://attack.mitre.org/techniques/T1210),\[\[T1210_Exploitation of Remote Services|Exploitation of Remote Services (T1210)\]\]
\[Exploitation for Defense Evasion\](https://attack.mitre.org/techniques/T1211),\[\[T1211_Exploitation for Defense Evasion|Exploitation for Defense Evasion (T1211)\]\]
\[Exploitation for Credential Access\](https://attack.mitre.org/techniques/T1212),\[\[T1212_Exploitation for Credential Access|Exploitation for Credential Access (T1212)\]\]
\[Data from Information Repositories\](https://attack.mitre.org/techniques/T1213),\[\[T1213_Data from Information Repositories|Data from Information Repositories (T1213)\]\]
\[Confluence\](https://attack.mitre.org/techniques/T1213/001),\[\[T1213_Data from Information Repositories#Confluence - T1213 001|Confluence (T1213.001)\]\]
\[Sharepoint\](https://attack.mitre.org/techniques/T1213/002),\[\[T1213_Data from Information Repositories#Sharepoint - T1213 002|Sharepoint (T1213.002)\]\]
\[Code Repositories\](https://attack.mitre.org/techniques/T1213/003),\[\[T1213_Data from Information Repositories#Code Repositories - T1213 003|Code Repositories (T1213.003)\]\]
\[Signed Script Proxy Execution\](https://attack.mitre.org/techniques/T1216),\[\[T1216_Signed Script Proxy Execution|Signed Script Proxy Execution (T1216)\]\]
\[PubPrn\](https://attack.mitre.org/techniques/T1216/001),\[\[T1216_Signed Script Proxy Execution#PubPrn - T1216 001|PubPrn (T1216.001)\]\]
\[Browser Bookmark Discovery\](https://attack.mitre.org/techniques/T1217),\[\[T1217_Browser Bookmark Discovery|Browser Bookmark Discovery (T1217)\]\]
\[Signed Binary Proxy Execution\](https://attack.mitre.org/techniques/T1218),\[\[T1218_Signed Binary Proxy Execution|Signed Binary Proxy Execution (T1218)\]\]
\[Compiled HTML File\](https://attack.mitre.org/techniques/T1218/001),\[\[T1218_Signed Binary Proxy Execution#Compiled HTML File - T1218 001|Compiled HTML File (T1218.001)\]\]
\[Control Panel\](https://attack.mitre.org/techniques/T1218/002),\[\[T1218_Signed Binary Proxy Execution#Control Panel - T1218 002|Control Panel (T1218.002)\]\]
\[CMSTP\](https://attack.mitre.org/techniques/T1218/003),\[\[T1218_Signed Binary Proxy Execution#CMSTP - T1218 003|CMSTP (T1218.003)\]\]
\[InstallUtil\](https://attack.mitre.org/techniques/T1218/004),\[\[T1218_Signed Binary Proxy Execution#InstallUtil - T1218 004|InstallUtil (T1218.004)\]\]
\[Mshta\](https://attack.mitre.org/techniques/T1218/005),\[\[T1218_Signed Binary Proxy Execution#Mshta - T1218 005|Mshta (T1218.005)\]\]
\[Msiexec\](https://attack.mitre.org/techniques/T1218/007),\[\[T1218_Signed Binary Proxy Execution#Msiexec - T1218 007|Msiexec (T1218.007)\]\]
\[Odbcconf\](https://attack.mitre.org/techniques/T1218/008),\[\[T1218_Signed Binary Proxy Execution#Odbcconf - T1218 008|Odbcconf (T1218.008)\]\]
\[Regsvcs/Regasm\](https://attack.mitre.org/techniques/T1218/009),\[\[T1218_Signed Binary Proxy Execution#Regsvcs/Regasm - T1218 009|Regsvcs/Regasm (T1218.009)\]\]
\[Regsvr32\](https://attack.mitre.org/techniques/T1218/010),\[\[T1218_Signed Binary Proxy Execution#Regsvr32 - T1218 010|Regsvr32 (T1218.010)\]\]
\[Rundll32\](https://attack.mitre.org/techniques/T1218/011),\[\[T1218_Signed Binary Proxy Execution#Rundll32 - T1218 011|Rundll32 (T1218.011)\]\]
\[Verclsid\](https://attack.mitre.org/techniques/T1218/012),\[\[T1218_Signed Binary Proxy Execution#Verclsid - T1218 012|Verclsid (T1218.012)\]\]
\[Mavinject\](https://attack.mitre.org/techniques/T1218/013),\[\[T1218_Signed Binary Proxy Execution#Mavinject - T1218 013|Mavinject (T1218.013)\]\]
\[MMC\](https://attack.mitre.org/techniques/T1218/014),\[\[T1218_Signed Binary Proxy Execution#MMC - T1218 014|MMC (T1218.014)\]\]
\[Remote Access Software\](https://attack.mitre.org/techniques/T1219),\[\[T1219_Remote Access Software|Remote Access Software (T1219)\]\]
\[XSL Script Processing\](https://attack.mitre.org/techniques/T1220),\[\[T1220_XSL Script Processing|XSL Script Processing (T1220)\]\]
\[Template Injection\](https://attack.mitre.org/techniques/T1221),\[\[T1221_Template Injection|Template Injection (T1221)\]\]
\[File and Directory Permissions Modification\](https://attack.mitre.org/techniques/T1222),\[\[T1222_File and Directory Permissions Modification|File and Directory Permissions Modification (T1222)\]\]
\[Windows File and Directory Permissions Modification\](https://attack.mitre.org/techniques/T1222/001),\[\[T1222_File and Directory Permissions Modification#Windows File and Directory Permissions Modification - T1222 001|Windows File and Directory Permissions Modification (T1222.001)\]\]
\[Linux and Mac File and Directory Permissions Modification\](https://attack.mitre.org/techniques/T1222/002),\[\[T1222_File and Directory Permissions Modification#Linux and Mac File and Directory Permissions Modification - T1222 002|Linux and Mac File and Directory Permissions Modification (T1222.002)\]\]
\[Execution Guardrails\](https://attack.mitre.org/techniques/T1480),\[\[T1480_Execution Guardrails|Execution Guardrails (T1480)\]\]
\[Environmental Keying\](https://attack.mitre.org/techniques/T1480/001),\[\[T1480_Execution Guardrails#Environmental Keying - T1480 001|Environmental Keying (T1480.001)\]\]
\[Domain Trust Discovery\](https://attack.mitre.org/techniques/T1482),\[\[T1482_Domain Trust Discovery|Domain Trust Discovery (T1482)\]\]
\[Domain Policy Modification\](https://attack.mitre.org/techniques/T1484),\[\[T1484_Domain Policy Modification|Domain Policy Modification (T1484)\]\]
\[Group Policy Modification\](https://attack.mitre.org/techniques/T1484/001),\[\[T1484_Domain Policy Modification#Group Policy Modification - T1484 001|Group Policy Modification (T1484.001)\]\]
\[Domain Trust Modification\](https://attack.mitre.org/techniques/T1484/002),\[\[T1484_Domain Policy Modification#Domain Trust Modification - T1484 002|Domain Trust Modification (T1484.002)\]\]
\[Data Destruction\](https://attack.mitre.org/techniques/T1485),\[\[T1485_Data Destruction|Data Destruction (T1485)\]\]
\[Data Encrypted for Impact\](https://attack.mitre.org/techniques/T1486),\[\[T1486_Data Encrypted for Impact|Data Encrypted for Impact (T1486)\]\]
\[Service Stop\](https://attack.mitre.org/techniques/T1489),\[\[T1489_Service Stop|Service Stop (T1489)\]\]
\[Inhibit System Recovery\](https://attack.mitre.org/techniques/T1490),\[\[T1490_Inhibit System Recovery|Inhibit System Recovery (T1490)\]\]
\[Defacement\](https://attack.mitre.org/techniques/T1491),\[\[T1491_Defacement|Defacement (T1491)\]\]
\[Internal Defacement\](https://attack.mitre.org/techniques/T1491/001),\[\[T1491_Defacement#Internal Defacement - T1491 001|Internal Defacement (T1491.001)\]\]
\[External Defacement\](https://attack.mitre.org/techniques/T1491/002),\[\[T1491_Defacement#External Defacement - T1491 002|External Defacement (T1491.002)\]\]
\[Firmware Corruption\](https://attack.mitre.org/techniques/T1495),\[\[T1495_Firmware Corruption|Firmware Corruption (T1495)\]\]
\[Resource Hijacking\](https://attack.mitre.org/techniques/T1496),\[\[T1496_Resource Hijacking|Resource Hijacking (T1496)\]\]
\[Virtualization/Sandbox Evasion\](https://attack.mitre.org/techniques/T1497),\[\[T1497_Virtualization-Sandbox Evasion|Virtualization/Sandbox Evasion (T1497)\]\]
\[System Checks\](https://attack.mitre.org/techniques/T1497/001),\[\[T1497_Virtualization-Sandbox Evasion#System Checks - T1497 001|System Checks (T1497.001)\]\]
\[User Activity Based Checks\](https://attack.mitre.org/techniques/T1497/002),\[\[T1497_Virtualization-Sandbox Evasion#User Activity Based Checks - T1497 002|User Activity Based Checks (T1497.002)\]\]
\[Time Based Evasion\](https://attack.mitre.org/techniques/T1497/003),\[\[T1497_Virtualization-Sandbox Evasion#Time Based Evasion - T1497 003|Time Based Evasion (T1497.003)\]\]
\[Network Denial of Service\](https://attack.mitre.org/techniques/T1498),\[\[T1498_Network Denial of Service|Network Denial of Service (T1498)\]\]
\[Direct Network Flood\](https://attack.mitre.org/techniques/T1498/001),\[\[T1498_Network Denial of Service#Direct Network Flood - T1498 001|Direct Network Flood (T1498.001)\]\]
\[Reflection Amplification\](https://attack.mitre.org/techniques/T1498/002),\[\[T1498_Network Denial of Service#Reflection Amplification - T1498 002|Reflection Amplification (T1498.002)\]\]
\[Endpoint Denial of Service\](https://attack.mitre.org/techniques/T1499),\[\[T1499_Endpoint Denial of Service|Endpoint Denial of Service (T1499)\]\]
\[OS Exhaustion Flood\](https://attack.mitre.org/techniques/T1499/001),\[\[T1499_Endpoint Denial of Service#OS Exhaustion Flood - T1499 001|OS Exhaustion Flood (T1499.001)\]\]
\[Service Exhaustion Flood\](https://attack.mitre.org/techniques/T1499/002),\[\[T1499_Endpoint Denial of Service#Service Exhaustion Flood - T1499 002|Service Exhaustion Flood (T1499.002)\]\]
\[Application Exhaustion Flood\](https://attack.mitre.org/techniques/T1499/003),\[\[T1499_Endpoint Denial of Service#Application Exhaustion Flood - T1499 003|Application Exhaustion Flood (T1499.003)\]\]
\[Application or System Exploitation\](https://attack.mitre.org/techniques/T1499/004),\[\[T1499_Endpoint Denial of Service#Application or System Exploitation - T1499 004|Application or System Exploitation (T1499.004)\]\]
\[Server Software Component\](https://attack.mitre.org/techniques/T1505),\[\[T1505_Server Software Component|Server Software Component (T1505)\]\]
\[SQL Stored Procedures\](https://attack.mitre.org/techniques/T1505/001),\[\[T1505_Server Software Component#SQL Stored Procedures - T1505 001|SQL Stored Procedures (T1505.001)\]\]
\[Transport Agent\](https://attack.mitre.org/techniques/T1505/002),\[\[T1505_Server Software Component#Transport Agent - T1505 002|Transport Agent (T1505.002)\]\]
\[Web Shell\](https://attack.mitre.org/techniques/T1505/003),\[\[T1505_Server Software Component#Web Shell - T1505 003|Web Shell (T1505.003)\]\]
\[IIS Components\](https://attack.mitre.org/techniques/T1505/004),\[\[T1505_Server Software Component#IIS Components - T1505 004|IIS Components (T1505.004)\]\]
\[Software Discovery\](https://attack.mitre.org/techniques/T1518),\[\[T1518_Software Discovery|Software Discovery (T1518)\]\]
\[Security Software Discovery\](https://attack.mitre.org/techniques/T1518/001),\[\[T1518_Software Discovery#Security Software Discovery - T1518 001|Security Software Discovery (T1518.001)\]\]
\[Implant Internal Image\](https://attack.mitre.org/techniques/T1525),\[\[T1525_Implant Internal Image|Implant Internal Image (T1525)\]\]
\[Cloud Service Discovery\](https://attack.mitre.org/techniques/T1526),\[\[T1526_Cloud Service Discovery|Cloud Service Discovery (T1526)\]\]
\[Steal Application Access Token\](https://attack.mitre.org/techniques/T1528),\[\[T1528_Steal Application Access Token|Steal Application Access Token (T1528)\]\]
\[System Shutdown/Reboot\](https://attack.mitre.org/techniques/T1529),\[\[T1529_System Shutdown-Reboot|System Shutdown/Reboot (T1529)\]\]
\[Data from Cloud Storage Object\](https://attack.mitre.org/techniques/T1530),\[\[T1530_Data from Cloud Storage Object|Data from Cloud Storage Object (T1530)\]\]
\[Account Access Removal\](https://attack.mitre.org/techniques/T1531),\[\[T1531_Account Access Removal|Account Access Removal (T1531)\]\]
\[Internal Spearphishing\](https://attack.mitre.org/techniques/T1534),\[\[T1534_Internal Spearphishing|Internal Spearphishing (T1534)\]\]
\[Unused/Unsupported Cloud Regions\](https://attack.mitre.org/techniques/T1535),\[\[T1535_Unused-Unsupported Cloud Regions|Unused/Unsupported Cloud Regions (T1535)\]\]
\[Transfer Data to Cloud Account\](https://attack.mitre.org/techniques/T1537),\[\[T1537_Transfer Data to Cloud Account|Transfer Data to Cloud Account (T1537)\]\]
\[Cloud Service Dashboard\](https://attack.mitre.org/techniques/T1538),\[\[T1538_Cloud Service Dashboard|Cloud Service Dashboard (T1538)\]\]
\[Steal Web Session Cookie\](https://attack.mitre.org/techniques/T1539),\[\[T1539_Steal Web Session Cookie|Steal Web Session Cookie (T1539)\]\]
\[Pre-OS Boot\](https://attack.mitre.org/techniques/T1542),\[\[T1542_Pre-OS Boot|Pre-OS Boot (T1542)\]\]
\[System Firmware\](https://attack.mitre.org/techniques/T1542/001),\[\[T1542_Pre-OS Boot#System Firmware - T1542 001|System Firmware (T1542.001)\]\]
\[Component Firmware\](https://attack.mitre.org/techniques/T1542/002),\[\[T1542_Pre-OS Boot#Component Firmware - T1542 002|Component Firmware (T1542.002)\]\]
\[Bootkit\](https://attack.mitre.org/techniques/T1542/003),\[\[T1542_Pre-OS Boot#Bootkit - T1542 003|Bootkit (T1542.003)\]\]
\[ROMMONkit\](https://attack.mitre.org/techniques/T1542/004),\[\[T1542_Pre-OS Boot#ROMMONkit - T1542 004|ROMMONkit (T1542.004)\]\]
\[TFTP Boot\](https://attack.mitre.org/techniques/T1542/005),\[\[T1542_Pre-OS Boot#TFTP Boot - T1542 005|TFTP Boot (T1542.005)\]\]
\[Create or Modify System Process\](https://attack.mitre.org/techniques/T1543),\[\[T1543_Create or Modify System Process|Create or Modify System Process (T1543)\]\]
\[Launch Agent\](https://attack.mitre.org/techniques/T1543/001),\[\[T1543_Create or Modify System Process#Launch Agent - T1543 001|Launch Agent (T1543.001)\]\]
\[Systemd Service\](https://attack.mitre.org/techniques/T1543/002),\[\[T1543_Create or Modify System Process#Systemd Service - T1543 002|Systemd Service (T1543.002)\]\]
\[Windows Service\](https://attack.mitre.org/techniques/T1543/003),\[\[T1543_Create or Modify System Process#Windows Service - T1543 003|Windows Service (T1543.003)\]\]
\[Launch Daemon\](https://attack.mitre.org/techniques/T1543/004),\[\[T1543_Create or Modify System Process#Launch Daemon - T1543 004|Launch Daemon (T1543.004)\]\]
\[Event Triggered Execution\](https://attack.mitre.org/techniques/T1546),\[\[T1546_Event Triggered Execution|Event Triggered Execution (T1546)\]\]
\[Change Default File Association\](https://attack.mitre.org/techniques/T1546/001),\[\[T1546_Event Triggered Execution#Change Default File Association - T1546 001|Change Default File Association (T1546.001)\]\]
\[Screensaver\](https://attack.mitre.org/techniques/T1546/002),\[\[T1546_Event Triggered Execution#Screensaver - T1546 002|Screensaver (T1546.002)\]\]
\[Windows Management Instrumentation Event Subscription\](https://attack.mitre.org/techniques/T1546/003),\[\[T1546_Event Triggered Execution#Windows Management Instrumentation Event Subscription - T1546 003|Windows Management Instrumentation Event Subscription (T1546.003)\]\]
\[Unix Shell Configuration Modification\](https://attack.mitre.org/techniques/T1546/004),\[\[T1546_Event Triggered Execution#Unix Shell Configuration Modification - T1546 004|Unix Shell Configuration Modification (T1546.004)\]\]
\[Trap\](https://attack.mitre.org/techniques/T1546/005),\[\[T1546_Event Triggered Execution#Trap - T1546 005|Trap (T1546.005)\]\]
\[LC_LOAD_DYLIB Addition\](https://attack.mitre.org/techniques/T1546/006),\[\[T1546_Event Triggered Execution#LC_LOAD_DYLIB Addition - T1546 006|LC_LOAD_DYLIB Addition (T1546.006)\]\]
\[Netsh Helper DLL\](https://attack.mitre.org/techniques/T1546/007),\[\[T1546_Event Triggered Execution#Netsh Helper DLL - T1546 007|Netsh Helper DLL (T1546.007)\]\]
\[Accessibility Features\](https://attack.mitre.org/techniques/T1546/008),\[\[T1546_Event Triggered Execution#Accessibility Features - T1546 008|Accessibility Features (T1546.008)\]\]
\[AppCert DLLs\](https://attack.mitre.org/techniques/T1546/009),\[\[T1546_Event Triggered Execution#AppCert DLLs - T1546 009|AppCert DLLs (T1546.009)\]\]
\[AppInit DLLs\](https://attack.mitre.org/techniques/T1546/010),\[\[T1546_Event Triggered Execution#AppInit DLLs - T1546 010|AppInit DLLs (T1546.010)\]\]
\[Application Shimming\](https://attack.mitre.org/techniques/T1546/011),\[\[T1546_Event Triggered Execution#Application Shimming - T1546 011|Application Shimming (T1546.011)\]\]
\[Image File Execution Options Injection\](https://attack.mitre.org/techniques/T1546/012),\[\[T1546_Event Triggered Execution#Image File Execution Options Injection - T1546 012|Image File Execution Options Injection (T1546.012)\]\]
\[PowerShell Profile\](https://attack.mitre.org/techniques/T1546/013),\[\[T1546_Event Triggered Execution#PowerShell Profile - T1546 013|PowerShell Profile (T1546.013)\]\]
\[Emond\](https://attack.mitre.org/techniques/T1546/014),\[\[T1546_Event Triggered Execution#Emond - T1546 014|Emond (T1546.014)\]\]
\[Component Object Model Hijacking\](https://attack.mitre.org/techniques/T1546/015),\[\[T1546_Event Triggered Execution#Component Object Model Hijacking - T1546 015|Component Object Model Hijacking (T1546.015)\]\]
\[Boot or Logon Autostart Execution\](https://attack.mitre.org/techniques/T1547),\[\[T1547_Boot or Logon Autostart Execution|Boot or Logon Autostart Execution (T1547)\]\]
\[Registry Run Keys / Startup Folder\](https://attack.mitre.org/techniques/T1547/001),\[\[T1547_Boot or Logon Autostart Execution#Registry Run Keys / Startup Folder - T1547 001|Registry Run Keys / Startup Folder (T1547.001)\]\]
\[Authentication Package\](https://attack.mitre.org/techniques/T1547/002),\[\[T1547_Boot or Logon Autostart Execution#Authentication Package - T1547 002|Authentication Package (T1547.002)\]\]
\[Time Providers\](https://attack.mitre.org/techniques/T1547/003),\[\[T1547_Boot or Logon Autostart Execution#Time Providers - T1547 003|Time Providers (T1547.003)\]\]
\[Winlogon Helper DLL\](https://attack.mitre.org/techniques/T1547/004),\[\[T1547_Boot or Logon Autostart Execution#Winlogon Helper DLL - T1547 004|Winlogon Helper DLL (T1547.004)\]\]
\[Security Support Provider\](https://attack.mitre.org/techniques/T1547/005),\[\[T1547_Boot or Logon Autostart Execution#Security Support Provider - T1547 005|Security Support Provider (T1547.005)\]\]
\[Kernel Modules and Extensions\](https://attack.mitre.org/techniques/T1547/006),\[\[T1547_Boot or Logon Autostart Execution#Kernel Modules and Extensions - T1547 006|Kernel Modules and Extensions (T1547.006)\]\]
\[Re-opened Applications\](https://attack.mitre.org/techniques/T1547/007),\[\[T1547_Boot or Logon Autostart Execution#Re-opened Applications - T1547 007|Re-opened Applications (T1547.007)\]\]
\[LSASS Driver\](https://attack.mitre.org/techniques/T1547/008),\[\[T1547_Boot or Logon Autostart Execution#LSASS Driver - T1547 008|LSASS Driver (T1547.008)\]\]
\[Shortcut Modification\](https://attack.mitre.org/techniques/T1547/009),\[\[T1547_Boot or Logon Autostart Execution#Shortcut Modification - T1547 009|Shortcut Modification (T1547.009)\]\]
\[Port Monitors\](https://attack.mitre.org/techniques/T1547/010),\[\[T1547_Boot or Logon Autostart Execution#Port Monitors - T1547 010|Port Monitors (T1547.010)\]\]
\[Plist Modification\](https://attack.mitre.org/techniques/T1547/011),\[\[T1547_Boot or Logon Autostart Execution#Plist Modification - T1547 011|Plist Modification (T1547.011)\]\]
\[Print Processors\](https://attack.mitre.org/techniques/T1547/012),\[\[T1547_Boot or Logon Autostart Execution#Print Processors - T1547 012|Print Processors (T1547.012)\]\]
\[XDG Autostart Entries\](https://attack.mitre.org/techniques/T1547/013),\[\[T1547_Boot or Logon Autostart Execution#XDG Autostart Entries - T1547 013|XDG Autostart Entries (T1547.013)\]\]
\[Active Setup\](https://attack.mitre.org/techniques/T1547/014),\[\[T1547_Boot or Logon Autostart Execution#Active Setup - T1547 014|Active Setup (T1547.014)\]\]
\[Login Items\](https://attack.mitre.org/techniques/T1547/015),\[\[T1547_Boot or Logon Autostart Execution#Login Items - T1547 015|Login Items (T1547.015)\]\]
\[Abuse Elevation Control Mechanism\](https://attack.mitre.org/techniques/T1548),\[\[T1548_Abuse Elevation Control Mechanism|Abuse Elevation Control Mechanism (T1548)\]\]
\[Setuid and Setgid\](https://attack.mitre.org/techniques/T1548/001),\[\[T1548_Abuse Elevation Control Mechanism#Setuid and Setgid - T1548 001|Setuid and Setgid (T1548.001)\]\]
\[Bypass User Account Control\](https://attack.mitre.org/techniques/T1548/002),\[\[T1548_Abuse Elevation Control Mechanism#Bypass User Account Control - T1548 002|Bypass User Account Control (T1548.002)\]\]
\[Sudo and Sudo Caching\](https://attack.mitre.org/techniques/T1548/003),\[\[T1548_Abuse Elevation Control Mechanism#Sudo and Sudo Caching - T1548 003|Sudo and Sudo Caching (T1548.003)\]\]
\[Elevated Execution with Prompt\](https://attack.mitre.org/techniques/T1548/004),\[\[T1548_Abuse Elevation Control Mechanism#Elevated Execution with Prompt - T1548 004|Elevated Execution with Prompt (T1548.004)\]\]
\[Use Alternate Authentication Material\](https://attack.mitre.org/techniques/T1550),\[\[T1550_Use Alternate Authentication Material|Use Alternate Authentication Material (T1550)\]\]
\[Application Access Token\](https://attack.mitre.org/techniques/T1550/001),\[\[T1550_Use Alternate Authentication Material#Application Access Token - T1550 001|Application Access Token (T1550.001)\]\]
\[Pass the Hash\](https://attack.mitre.org/techniques/T1550/002),\[\[T1550_Use Alternate Authentication Material#Pass the Hash - T1550 002|Pass the Hash (T1550.002)\]\]
\[Pass the Ticket\](https://attack.mitre.org/techniques/T1550/003),\[\[T1550_Use Alternate Authentication Material#Pass the Ticket - T1550 003|Pass the Ticket (T1550.003)\]\]
\[Web Session Cookie\](https://attack.mitre.org/techniques/T1550/004),\[\[T1550_Use Alternate Authentication Material#Web Session Cookie - T1550 004|Web Session Cookie (T1550.004)\]\]
\[Unsecured Credentials\](https://attack.mitre.org/techniques/T1552),\[\[T1552_Unsecured Credentials|Unsecured Credentials (T1552)\]\]
\[Credentials In Files\](https://attack.mitre.org/techniques/T1552/001),\[\[T1552_Unsecured Credentials#Credentials In Files - T1552 001|Credentials In Files (T1552.001)\]\]
\[Credentials in Registry\](https://attack.mitre.org/techniques/T1552/002),\[\[T1552_Unsecured Credentials#Credentials in Registry - T1552 002|Credentials in Registry (T1552.002)\]\]
\[Bash History\](https://attack.mitre.org/techniques/T1552/003),\[\[T1552_Unsecured Credentials#Bash History - T1552 003|Bash History (T1552.003)\]\]
\[Private Keys\](https://attack.mitre.org/techniques/T1552/004),\[\[T1552_Unsecured Credentials#Private Keys - T1552 004|Private Keys (T1552.004)\]\]
\[Cloud Instance Metadata API\](https://attack.mitre.org/techniques/T1552/005),\[\[T1552_Unsecured Credentials#Cloud Instance Metadata API - T1552 005|Cloud Instance Metadata API (T1552.005)\]\]
\[Group Policy Preferences\](https://attack.mitre.org/techniques/T1552/006),\[\[T1552_Unsecured Credentials#Group Policy Preferences - T1552 006|Group Policy Preferences (T1552.006)\]\]
\[Container API\](https://attack.mitre.org/techniques/T1552/007),\[\[T1552_Unsecured Credentials#Container API - T1552 007|Container API (T1552.007)\]\]
\[Subvert Trust Controls\](https://attack.mitre.org/techniques/T1553),\[\[T1553_Subvert Trust Controls|Subvert Trust Controls (T1553)\]\]
\[Gatekeeper Bypass\](https://attack.mitre.org/techniques/T1553/001),\[\[T1553_Subvert Trust Controls#Gatekeeper Bypass - T1553 001|Gatekeeper Bypass (T1553.001)\]\]
\[Code Signing\](https://attack.mitre.org/techniques/T1553/002),\[\[T1553_Subvert Trust Controls#Code Signing - T1553 002|Code Signing (T1553.002)\]\]
\[SIP and Trust Provider Hijacking\](https://attack.mitre.org/techniques/T1553/003),\[\[T1553_Subvert Trust Controls#SIP and Trust Provider Hijacking - T1553 003|SIP and Trust Provider Hijacking (T1553.003)\]\]
\[Install Root Certificate\](https://attack.mitre.org/techniques/T1553/004),\[\[T1553_Subvert Trust Controls#Install Root Certificate - T1553 004|Install Root Certificate (T1553.004)\]\]
\[Mark-of-the-Web Bypass\](https://attack.mitre.org/techniques/T1553/005),\[\[T1553_Subvert Trust Controls#Mark-of-the-Web Bypass - T1553 005|Mark-of-the-Web Bypass (T1553.005)\]\]
\[Code Signing Policy Modification\](https://attack.mitre.org/techniques/T1553/006),\[\[T1553_Subvert Trust Controls#Code Signing Policy Modification - T1553 006|Code Signing Policy Modification (T1553.006)\]\]
\[Compromise Client Software Binary\](https://attack.mitre.org/techniques/T1554),\[\[T1554_Compromise Client Software Binary|Compromise Client Software Binary (T1554)\]\]
\[Credentials from Password Stores\](https://attack.mitre.org/techniques/T1555),\[\[T1555_Credentials from Password Stores|Credentials from Password Stores (T1555)\]\]
\[Keychain\](https://attack.mitre.org/techniques/T1555/001),\[\[T1555_Credentials from Password Stores#Keychain - T1555 001|Keychain (T1555.001)\]\]
\[Securityd Memory\](https://attack.mitre.org/techniques/T1555/002),\[\[T1555_Credentials from Password Stores#Securityd Memory - T1555 002|Securityd Memory (T1555.002)\]\]
\[Credentials from Web Browsers\](https://attack.mitre.org/techniques/T1555/003),\[\[T1555_Credentials from Password Stores#Credentials from Web Browsers - T1555 003|Credentials from Web Browsers (T1555.003)\]\]
\[Windows Credential Manager\](https://attack.mitre.org/techniques/T1555/004),\[\[T1555_Credentials from Password Stores#Windows Credential Manager - T1555 004|Windows Credential Manager (T1555.004)\]\]
\[Password Managers\](https://attack.mitre.org/techniques/T1555/005),\[\[T1555_Credentials from Password Stores#Password Managers - T1555 005|Password Managers (T1555.005)\]\]
\[Modify Authentication Process\](https://attack.mitre.org/techniques/T1556),\[\[T1556_Modify Authentication Process|Modify Authentication Process (T1556)\]\]
\[Domain Controller Authentication\](https://attack.mitre.org/techniques/T1556/001),\[\[T1556_Modify Authentication Process#Domain Controller Authentication - T1556 001|Domain Controller Authentication (T1556.001)\]\]
\[Password Filter DLL\](https://attack.mitre.org/techniques/T1556/002),\[\[T1556_Modify Authentication Process#Password Filter DLL - T1556 002|Password Filter DLL (T1556.002)\]\]
\[Pluggable Authentication Modules\](https://attack.mitre.org/techniques/T1556/003),\[\[T1556_Modify Authentication Process#Pluggable Authentication Modules - T1556 003|Pluggable Authentication Modules (T1556.003)\]\]
\[Network Device Authentication\](https://attack.mitre.org/techniques/T1556/004),\[\[T1556_Modify Authentication Process#Network Device Authentication - T1556 004|Network Device Authentication (T1556.004)\]\]
\[Adversary-in-the-Middle\](https://attack.mitre.org/techniques/T1557),\[\[T1557_Adversary-in-the-Middle|Adversary-in-the-Middle (T1557)\]\]
\[LLMNR/NBT-NS Poisoning and SMB Relay\](https://attack.mitre.org/techniques/T1557/001),\[\[T1557_Adversary-in-the-Middle#LLMNR/NBT-NS Poisoning and SMB Relay - T1557 001|LLMNR/NBT-NS Poisoning and SMB Relay (T1557.001)\]\]
\[ARP Cache Poisoning\](https://attack.mitre.org/techniques/T1557/002),\[\[T1557_Adversary-in-the-Middle#ARP Cache Poisoning - T1557 002|ARP Cache Poisoning (T1557.002)\]\]
\[Steal or Forge Kerberos Tickets\](https://attack.mitre.org/techniques/T1558),\[\[T1558_Steal or Forge Kerberos Tickets|Steal or Forge Kerberos Tickets (T1558)\]\]
\[Golden Ticket\](https://attack.mitre.org/techniques/T1558/001),\[\[T1558_Steal or Forge Kerberos Tickets#Golden Ticket - T1558 001|Golden Ticket (T1558.001)\]\]
\[Silver Ticket\](https://attack.mitre.org/techniques/T1558/002),\[\[T1558_Steal or Forge Kerberos Tickets#Silver Ticket - T1558 002|Silver Ticket (T1558.002)\]\]
\[Kerberoasting\](https://attack.mitre.org/techniques/T1558/003),\[\[T1558_Steal or Forge Kerberos Tickets#Kerberoasting - T1558 003|Kerberoasting (T1558.003)\]\]
\[AS-REP Roasting\](https://attack.mitre.org/techniques/T1558/004),\[\[T1558_Steal or Forge Kerberos Tickets#AS-REP Roasting - T1558 004|AS-REP Roasting (T1558.004)\]\]
\[Inter-Process Communication\](https://attack.mitre.org/techniques/T1559),\[\[T1559_Inter-Process Communication|Inter-Process Communication (T1559)\]\]
\[Component Object Model\](https://attack.mitre.org/techniques/T1559/001),\[\[T1559_Inter-Process Communication#Component Object Model - T1559 001|Component Object Model (T1559.001)\]\]
\[Dynamic Data Exchange\](https://attack.mitre.org/techniques/T1559/002),\[\[T1559_Inter-Process Communication#Dynamic Data Exchange - T1559 002|Dynamic Data Exchange (T1559.002)\]\]
\[Archive Collected Data\](https://attack.mitre.org/techniques/T1560),\[\[T1560_Archive Collected Data|Archive Collected Data (T1560)\]\]
\[Archive via Utility\](https://attack.mitre.org/techniques/T1560/001),\[\[T1560_Archive Collected Data#Archive via Utility - T1560 001|Archive via Utility (T1560.001)\]\]
\[Archive via Library\](https://attack.mitre.org/techniques/T1560/002),\[\[T1560_Archive Collected Data#Archive via Library - T1560 002|Archive via Library (T1560.002)\]\]
\[Archive via Custom Method\](https://attack.mitre.org/techniques/T1560/003),\[\[T1560_Archive Collected Data#Archive via Custom Method - T1560 003|Archive via Custom Method (T1560.003)\]\]
\[Disk Wipe\](https://attack.mitre.org/techniques/T1561),\[\[T1561_Disk Wipe|Disk Wipe (T1561)\]\]
\[Disk Content Wipe\](https://attack.mitre.org/techniques/T1561/001),\[\[T1561_Disk Wipe#Disk Content Wipe - T1561 001|Disk Content Wipe (T1561.001)\]\]
\[Disk Structure Wipe\](https://attack.mitre.org/techniques/T1561/002),\[\[T1561_Disk Wipe#Disk Structure Wipe - T1561 002|Disk Structure Wipe (T1561.002)\]\]
\[Impair Defenses\](https://attack.mitre.org/techniques/T1562),\[\[T1562_Impair Defenses|Impair Defenses (T1562)\]\]
\[Disable or Modify Tools\](https://attack.mitre.org/techniques/T1562/001),\[\[T1562_Impair Defenses#Disable or Modify Tools - T1562 001|Disable or Modify Tools (T1562.001)\]\]
\[Disable Windows Event Logging\](https://attack.mitre.org/techniques/T1562/002),\[\[T1562_Impair Defenses#Disable Windows Event Logging - T1562 002|Disable Windows Event Logging (T1562.002)\]\]
\[Impair Command History Logging\](https://attack.mitre.org/techniques/T1562/003),\[\[T1562_Impair Defenses#Impair Command History Logging - T1562 003|Impair Command History Logging (T1562.003)\]\]
\[Disable or Modify System Firewall\](https://attack.mitre.org/techniques/T1562/004),\[\[T1562_Impair Defenses#Disable or Modify System Firewall - T1562 004|Disable or Modify System Firewall (T1562.004)\]\]
\[Indicator Blocking\](https://attack.mitre.org/techniques/T1562/006),\[\[T1562_Impair Defenses#Indicator Blocking - T1562 006|Indicator Blocking (T1562.006)\]\]
\[Disable or Modify Cloud Firewall\](https://attack.mitre.org/techniques/T1562/007),\[\[T1562_Impair Defenses#Disable or Modify Cloud Firewall - T1562 007|Disable or Modify Cloud Firewall (T1562.007)\]\]
\[Disable Cloud Logs\](https://attack.mitre.org/techniques/T1562/008),\[\[T1562_Impair Defenses#Disable Cloud Logs - T1562 008|Disable Cloud Logs (T1562.008)\]\]
\[Safe Mode Boot\](https://attack.mitre.org/techniques/T1562/009),\[\[T1562_Impair Defenses#Safe Mode Boot - T1562 009|Safe Mode Boot (T1562.009)\]\]
\[Downgrade Attack\](https://attack.mitre.org/techniques/T1562/010),\[\[T1562_Impair Defenses#Downgrade Attack - T1562 010|Downgrade Attack (T1562.010)\]\]
\[Remote Service Session Hijacking\](https://attack.mitre.org/techniques/T1563),\[\[T1563_Remote Service Session Hijacking|Remote Service Session Hijacking (T1563)\]\]
\[SSH Hijacking\](https://attack.mitre.org/techniques/T1563/001),\[\[T1563_Remote Service Session Hijacking#SSH Hijacking - T1563 001|SSH Hijacking (T1563.001)\]\]
\[RDP Hijacking\](https://attack.mitre.org/techniques/T1563/002),\[\[T1563_Remote Service Session Hijacking#RDP Hijacking - T1563 002|RDP Hijacking (T1563.002)\]\]
\[Hide Artifacts\](https://attack.mitre.org/techniques/T1564),\[\[T1564_Hide Artifacts|Hide Artifacts (T1564)\]\]
\[Hidden Files and Directories\](https://attack.mitre.org/techniques/T1564/001),\[\[T1564_Hide Artifacts#Hidden Files and Directories - T1564 001|Hidden Files and Directories (T1564.001)\]\]
\[Hidden Users\](https://attack.mitre.org/techniques/T1564/002),\[\[T1564_Hide Artifacts#Hidden Users - T1564 002|Hidden Users (T1564.002)\]\]
\[Hidden Window\](https://attack.mitre.org/techniques/T1564/003),\[\[T1564_Hide Artifacts#Hidden Window - T1564 003|Hidden Window (T1564.003)\]\]
\[NTFS File Attributes\](https://attack.mitre.org/techniques/T1564/004),\[\[T1564_Hide Artifacts#NTFS File Attributes - T1564 004|NTFS File Attributes (T1564.004)\]\]
\[Hidden File System\](https://attack.mitre.org/techniques/T1564/005),\[\[T1564_Hide Artifacts#Hidden File System - T1564 005|Hidden File System (T1564.005)\]\]
\[Run Virtual Instance\](https://attack.mitre.org/techniques/T1564/006),\[\[T1564_Hide Artifacts#Run Virtual Instance - T1564 006|Run Virtual Instance (T1564.006)\]\]
\[VBA Stomping\](https://attack.mitre.org/techniques/T1564/007),\[\[T1564_Hide Artifacts#VBA Stomping - T1564 007|VBA Stomping (T1564.007)\]\]
\[Email Hiding Rules\](https://attack.mitre.org/techniques/T1564/008),\[\[T1564_Hide Artifacts#Email Hiding Rules - T1564 008|Email Hiding Rules (T1564.008)\]\]
\[Resource Forking\](https://attack.mitre.org/techniques/T1564/009),\[\[T1564_Hide Artifacts#Resource Forking - T1564 009|Resource Forking (T1564.009)\]\]
\[Data Manipulation\](https://attack.mitre.org/techniques/T1565),\[\[T1565_Data Manipulation|Data Manipulation (T1565)\]\]
\[Stored Data Manipulation\](https://attack.mitre.org/techniques/T1565/001),\[\[T1565_Data Manipulation#Stored Data Manipulation - T1565 001|Stored Data Manipulation (T1565.001)\]\]
\[Transmitted Data Manipulation\](https://attack.mitre.org/techniques/T1565/002),\[\[T1565_Data Manipulation#Transmitted Data Manipulation - T1565 002|Transmitted Data Manipulation (T1565.002)\]\]
\[Runtime Data Manipulation\](https://attack.mitre.org/techniques/T1565/003),\[\[T1565_Data Manipulation#Runtime Data Manipulation - T1565 003|Runtime Data Manipulation (T1565.003)\]\]
\[Phishing\](https://attack.mitre.org/techniques/T1566),\[\[T1566_Phishing|Phishing (T1566)\]\]
\[Spearphishing Attachment\](https://attack.mitre.org/techniques/T1566/001),\[\[T1566_Phishing#Spearphishing Attachment - T1566 001|Spearphishing Attachment (T1566.001)\]\]
\[Spearphishing Link\](https://attack.mitre.org/techniques/T1566/002),\[\[T1566_Phishing#Spearphishing Link - T1566 002|Spearphishing Link (T1566.002)\]\]
\[Spearphishing via Service\](https://attack.mitre.org/techniques/T1566/003),\[\[T1566_Phishing#Spearphishing via Service - T1566 003|Spearphishing via Service (T1566.003)\]\]
\[Exfiltration Over Web Service\](https://attack.mitre.org/techniques/T1567),\[\[T1567_Exfiltration Over Web Service|Exfiltration Over Web Service (T1567)\]\]
\[Exfiltration to Code Repository\](https://attack.mitre.org/techniques/T1567/001),\[\[T1567_Exfiltration Over Web Service#Exfiltration to Code Repository - T1567 001|Exfiltration to Code Repository (T1567.001)\]\]
\[Exfiltration to Cloud Storage\](https://attack.mitre.org/techniques/T1567/002),\[\[T1567_Exfiltration Over Web Service#Exfiltration to Cloud Storage - T1567 002|Exfiltration to Cloud Storage (T1567.002)\]\]
\[Dynamic Resolution\](https://attack.mitre.org/techniques/T1568),\[\[T1568_Dynamic Resolution|Dynamic Resolution (T1568)\]\]
\[Fast Flux DNS\](https://attack.mitre.org/techniques/T1568/001),\[\[T1568_Dynamic Resolution#Fast Flux DNS - T1568 001|Fast Flux DNS (T1568.001)\]\]
\[Domain Generation Algorithms\](https://attack.mitre.org/techniques/T1568/002),\[\[T1568_Dynamic Resolution#Domain Generation Algorithms - T1568 002|Domain Generation Algorithms (T1568.002)\]\]
\[DNS Calculation\](https://attack.mitre.org/techniques/T1568/003),\[\[T1568_Dynamic Resolution#DNS Calculation - T1568 003|DNS Calculation (T1568.003)\]\]
\[System Services\](https://attack.mitre.org/techniques/T1569),\[\[T1569_System Services|System Services (T1569)\]\]
\[Launchctl\](https://attack.mitre.org/techniques/T1569/001),\[\[T1569_System Services#Launchctl - T1569 001|Launchctl (T1569.001)\]\]
\[Service Execution\](https://attack.mitre.org/techniques/T1569/002),\[\[T1569_System Services#Service Execution - T1569 002|Service Execution (T1569.002)\]\]
\[Lateral Tool Transfer\](https://attack.mitre.org/techniques/T1570),\[\[T1570_Lateral Tool Transfer|Lateral Tool Transfer (T1570)\]\]
\[Non-Standard Port\](https://attack.mitre.org/techniques/T1571),\[\[T1571_Non-Standard Port|Non-Standard Port (T1571)\]\]
\[Protocol Tunneling\](https://attack.mitre.org/techniques/T1572),\[\[T1572_Protocol Tunneling|Protocol Tunneling (T1572)\]\]
\[Encrypted Channel\](https://attack.mitre.org/techniques/T1573),\[\[T1573_Encrypted Channel|Encrypted Channel (T1573)\]\]
\[Symmetric Cryptography\](https://attack.mitre.org/techniques/T1573/001),\[\[T1573_Encrypted Channel#Symmetric Cryptography - T1573 001|Symmetric Cryptography (T1573.001)\]\]
\[Asymmetric Cryptography\](https://attack.mitre.org/techniques/T1573/002),\[\[T1573_Encrypted Channel#Asymmetric Cryptography - T1573 002|Asymmetric Cryptography (T1573.002)\]\]
\[Hijack Execution Flow\](https://attack.mitre.org/techniques/T1574),\[\[T1574_Hijack Execution Flow|Hijack Execution Flow (T1574)\]\]
\[DLL Search Order Hijacking\](https://attack.mitre.org/techniques/T1574/001),\[\[T1574_Hijack Execution Flow#DLL Search Order Hijacking - T1574 001|DLL Search Order Hijacking (T1574.001)\]\]
\[DLL Side-Loading\](https://attack.mitre.org/techniques/T1574/002),\[\[T1574_Hijack Execution Flow#DLL Side-Loading - T1574 002|DLL Side-Loading (T1574.002)\]\]
\[Dylib Hijacking\](https://attack.mitre.org/techniques/T1574/004),\[\[T1574_Hijack Execution Flow#Dylib Hijacking - T1574 004|Dylib Hijacking (T1574.004)\]\]
\[Executable Installer File Permissions Weakness\](https://attack.mitre.org/techniques/T1574/005),\[\[T1574_Hijack Execution Flow#Executable Installer File Permissions Weakness - T1574 005|Executable Installer File Permissions Weakness (T1574.005)\]\]
\[Dynamic Linker Hijacking\](https://attack.mitre.org/techniques/T1574/006),\[\[T1574_Hijack Execution Flow#Dynamic Linker Hijacking - T1574 006|Dynamic Linker Hijacking (T1574.006)\]\]
\[Path Interception by PATH Environment Variable\](https://attack.mitre.org/techniques/T1574/007),\[\[T1574_Hijack Execution Flow#Path Interception by PATH Environment Variable - T1574 007|Path Interception by PATH Environment Variable (T1574.007)\]\]
\[Path Interception by Search Order Hijacking\](https://attack.mitre.org/techniques/T1574/008),\[\[T1574_Hijack Execution Flow#Path Interception by Search Order Hijacking - T1574 008|Path Interception by Search Order Hijacking (T1574.008)\]\]
\[Path Interception by Unquoted Path\](https://attack.mitre.org/techniques/T1574/009),\[\[T1574_Hijack Execution Flow#Path Interception by Unquoted Path - T1574 009|Path Interception by Unquoted Path (T1574.009)\]\]
\[Services File Permissions Weakness\](https://attack.mitre.org/techniques/T1574/010),\[\[T1574_Hijack Execution Flow#Services File Permissions Weakness - T1574 010|Services File Permissions Weakness (T1574.010)\]\]
\[Services Registry Permissions Weakness\](https://attack.mitre.org/techniques/T1574/011),\[\[T1574_Hijack Execution Flow#Services Registry Permissions Weakness - T1574 011|Services Registry Permissions Weakness (T1574.011)\]\]
\[COR_PROFILER\](https://attack.mitre.org/techniques/T1574/012),\[\[T1574_Hijack Execution Flow#COR_PROFILER - T1574 012|COR_PROFILER (T1574.012)\]\]
\[Modify Cloud Compute Infrastructure\](https://attack.mitre.org/techniques/T1578),\[\[T1578_Modify Cloud Compute Infrastructure|Modify Cloud Compute Infrastructure (T1578)\]\]
\[Create Snapshot\](https://attack.mitre.org/techniques/T1578/001),\[\[T1578_Modify Cloud Compute Infrastructure#Create Snapshot - T1578 001|Create Snapshot (T1578.001)\]\]
\[Create Cloud Instance\](https://attack.mitre.org/techniques/T1578/002),\[\[T1578_Modify Cloud Compute Infrastructure#Create Cloud Instance - T1578 002|Create Cloud Instance (T1578.002)\]\]
\[Delete Cloud Instance\](https://attack.mitre.org/techniques/T1578/003),\[\[T1578_Modify Cloud Compute Infrastructure#Delete Cloud Instance - T1578 003|Delete Cloud Instance (T1578.003)\]\]
\[Revert Cloud Instance\](https://attack.mitre.org/techniques/T1578/004),\[\[T1578_Modify Cloud Compute Infrastructure#Revert Cloud Instance - T1578 004|Revert Cloud Instance (T1578.004)\]\]
\[Cloud Infrastructure Discovery\](https://attack.mitre.org/techniques/T1580),\[\[T1580_Cloud Infrastructure Discovery|Cloud Infrastructure Discovery (T1580)\]\]
\[Acquire Infrastructure\](https://attack.mitre.org/techniques/T1583),\[\[T1583_Acquire Infrastructure|Acquire Infrastructure (T1583)\]\]
\[Domains\](https://attack.mitre.org/techniques/T1583/001),\[\[T1583_Acquire Infrastructure#Domains - T1583 001|Domains (T1583.001)\]\]
\[DNS Server\](https://attack.mitre.org/techniques/T1583/002),\[\[T1583_Acquire Infrastructure#DNS Server - T1583 002|DNS Server (T1583.002)\]\]
\[Virtual Private Server\](https://attack.mitre.org/techniques/T1583/003),\[\[T1583_Acquire Infrastructure#Virtual Private Server - T1583 003|Virtual Private Server (T1583.003)\]\]
\[Server\](https://attack.mitre.org/techniques/T1583/004),\[\[T1583_Acquire Infrastructure#Server - T1583 004|Server (T1583.004)\]\]
\[Botnet\](https://attack.mitre.org/techniques/T1583/005),\[\[T1583_Acquire Infrastructure#Botnet - T1583 005|Botnet (T1583.005)\]\]
\[Web Services\](https://attack.mitre.org/techniques/T1583/006),\[\[T1583_Acquire Infrastructure#Web Services - T1583 006|Web Services (T1583.006)\]\]
\[Compromise Infrastructure\](https://attack.mitre.org/techniques/T1584),\[\[T1584_Compromise Infrastructure|Compromise Infrastructure (T1584)\]\]
\[Domains\](https://attack.mitre.org/techniques/T1584/001),\[\[T1584_Compromise Infrastructure#Domains - T1584 001|Domains (T1584.001)\]\]
\[DNS Server\](https://attack.mitre.org/techniques/T1584/002),\[\[T1584_Compromise Infrastructure#DNS Server - T1584 002|DNS Server (T1584.002)\]\]
\[Virtual Private Server\](https://attack.mitre.org/techniques/T1584/003),\[\[T1584_Compromise Infrastructure#Virtual Private Server - T1584 003|Virtual Private Server (T1584.003)\]\]
\[Server\](https://attack.mitre.org/techniques/T1584/004),\[\[T1584_Compromise Infrastructure#Server - T1584 004|Server (T1584.004)\]\]
\[Botnet\](https://attack.mitre.org/techniques/T1584/005),\[\[T1584_Compromise Infrastructure#Botnet - T1584 005|Botnet (T1584.005)\]\]
\[Web Services\](https://attack.mitre.org/techniques/T1584/006),\[\[T1584_Compromise Infrastructure#Web Services - T1584 006|Web Services (T1584.006)\]\]
\[Establish Accounts\](https://attack.mitre.org/techniques/T1585),\[\[T1585_Establish Accounts|Establish Accounts (T1585)\]\]
\[Social Media Accounts\](https://attack.mitre.org/techniques/T1585/001),\[\[T1585_Establish Accounts#Social Media Accounts - T1585 001|Social Media Accounts (T1585.001)\]\]
\[Email Accounts\](https://attack.mitre.org/techniques/T1585/002),\[\[T1585_Establish Accounts#Email Accounts - T1585 002|Email Accounts (T1585.002)\]\]
\[Compromise Accounts\](https://attack.mitre.org/techniques/T1586),\[\[T1586_Compromise Accounts|Compromise Accounts (T1586)\]\]
\[Social Media Accounts\](https://attack.mitre.org/techniques/T1586/001),\[\[T1586_Compromise Accounts#Social Media Accounts - T1586 001|Social Media Accounts (T1586.001)\]\]
\[Email Accounts\](https://attack.mitre.org/techniques/T1586/002),\[\[T1586_Compromise Accounts#Email Accounts - T1586 002|Email Accounts (T1586.002)\]\]
\[Develop Capabilities\](https://attack.mitre.org/techniques/T1587),\[\[T1587_Develop Capabilities|Develop Capabilities (T1587)\]\]
\[Malware\](https://attack.mitre.org/techniques/T1587/001),\[\[T1587_Develop Capabilities#Malware - T1587 001|Malware (T1587.001)\]\]
\[Code Signing Certificates\](https://attack.mitre.org/techniques/T1587/002),\[\[T1587_Develop Capabilities#Code Signing Certificates - T1587 002|Code Signing Certificates (T1587.002)\]\]
\[Digital Certificates\](https://attack.mitre.org/techniques/T1587/003),\[\[T1587_Develop Capabilities#Digital Certificates - T1587 003|Digital Certificates (T1587.003)\]\]
\[Exploits\](https://attack.mitre.org/techniques/T1587/004),\[\[T1587_Develop Capabilities#Exploits - T1587 004|Exploits (T1587.004)\]\]
\[Obtain Capabilities\](https://attack.mitre.org/techniques/T1588),\[\[T1588_Obtain Capabilities|Obtain Capabilities (T1588)\]\]
\[Malware\](https://attack.mitre.org/techniques/T1588/001),\[\[T1588_Obtain Capabilities#Malware - T1588 001|Malware (T1588.001)\]\]
\[Tool\](https://attack.mitre.org/techniques/T1588/002),\[\[T1588_Obtain Capabilities#Tool - T1588 002|Tool (T1588.002)\]\]
\[Code Signing Certificates\](https://attack.mitre.org/techniques/T1588/003),\[\[T1588_Obtain Capabilities#Code Signing Certificates - T1588 003|Code Signing Certificates (T1588.003)\]\]
\[Digital Certificates\](https://attack.mitre.org/techniques/T1588/004),\[\[T1588_Obtain Capabilities#Digital Certificates - T1588 004|Digital Certificates (T1588.004)\]\]
\[Exploits\](https://attack.mitre.org/techniques/T1588/005),\[\[T1588_Obtain Capabilities#Exploits - T1588 005|Exploits (T1588.005)\]\]
\[Vulnerabilities\](https://attack.mitre.org/techniques/T1588/006),\[\[T1588_Obtain Capabilities#Vulnerabilities - T1588 006|Vulnerabilities (T1588.006)\]\]
\[Gather Victim Identity Information\](https://attack.mitre.org/techniques/T1589),\[\[T1589_Gather Victim Identity Information|Gather Victim Identity Information (T1589)\]\]
\[Credentials\](https://attack.mitre.org/techniques/T1589/001),\[\[T1589_Gather Victim Identity Information#Credentials - T1589 001|Credentials (T1589.001)\]\]
\[Email Addresses\](https://attack.mitre.org/techniques/T1589/002),\[\[T1589_Gather Victim Identity Information#Email Addresses - T1589 002|Email Addresses (T1589.002)\]\]
\[Employee Names\](https://attack.mitre.org/techniques/T1589/003),\[\[T1589_Gather Victim Identity Information#Employee Names - T1589 003|Employee Names (T1589.003)\]\]
\[Gather Victim Network Information\](https://attack.mitre.org/techniques/T1590),\[\[T1590_Gather Victim Network Information|Gather Victim Network Information (T1590)\]\]
\[Domain Properties\](https://attack.mitre.org/techniques/T1590/001),\[\[T1590_Gather Victim Network Information#Domain Properties - T1590 001|Domain Properties (T1590.001)\]\]
\[DNS\](https://attack.mitre.org/techniques/T1590/002),\[\[T1590_Gather Victim Network Information#DNS - T1590 002|DNS (T1590.002)\]\]
\[Network Trust Dependencies\](https://attack.mitre.org/techniques/T1590/003),\[\[T1590_Gather Victim Network Information#Network Trust Dependencies - T1590 003|Network Trust Dependencies (T1590.003)\]\]
\[Network Topology\](https://attack.mitre.org/techniques/T1590/004),\[\[T1590_Gather Victim Network Information#Network Topology - T1590 004|Network Topology (T1590.004)\]\]
\[IP Addresses\](https://attack.mitre.org/techniques/T1590/005),\[\[T1590_Gather Victim Network Information#IP Addresses - T1590 005|IP Addresses (T1590.005)\]\]
\[Network Security Appliances\](https://attack.mitre.org/techniques/T1590/006),\[\[T1590_Gather Victim Network Information#Network Security Appliances - T1590 006|Network Security Appliances (T1590.006)\]\]
\[Gather Victim Org Information\](https://attack.mitre.org/techniques/T1591),\[\[T1591_Gather Victim Org Information|Gather Victim Org Information (T1591)\]\]
\[Determine Physical Locations\](https://attack.mitre.org/techniques/T1591/001),\[\[T1591_Gather Victim Org Information#Determine Physical Locations - T1591 001|Determine Physical Locations (T1591.001)\]\]
\[Business Relationships\](https://attack.mitre.org/techniques/T1591/002),\[\[T1591_Gather Victim Org Information#Business Relationships - T1591 002|Business Relationships (T1591.002)\]\]
\[Identify Business Tempo\](https://attack.mitre.org/techniques/T1591/003),\[\[T1591_Gather Victim Org Information#Identify Business Tempo - T1591 003|Identify Business Tempo (T1591.003)\]\]
\[Identify Roles\](https://attack.mitre.org/techniques/T1591/004),\[\[T1591_Gather Victim Org Information#Identify Roles - T1591 004|Identify Roles (T1591.004)\]\]
\[Gather Victim Host Information\](https://attack.mitre.org/techniques/T1592),\[\[T1592_Gather Victim Host Information|Gather Victim Host Information (T1592)\]\]
\[Hardware\](https://attack.mitre.org/techniques/T1592/001),\[\[T1592_Gather Victim Host Information#Hardware - T1592 001|Hardware (T1592.001)\]\]
\[Software\](https://attack.mitre.org/techniques/T1592/002),\[\[T1592_Gather Victim Host Information#Software - T1592 002|Software (T1592.002)\]\]
\[Firmware\](https://attack.mitre.org/techniques/T1592/003),\[\[T1592_Gather Victim Host Information#Firmware - T1592 003|Firmware (T1592.003)\]\]
\[Client Configurations\](https://attack.mitre.org/techniques/T1592/004),\[\[T1592_Gather Victim Host Information#Client Configurations - T1592 004|Client Configurations (T1592.004)\]\]
\[Search Open Websites/Domains\](https://attack.mitre.org/techniques/T1593),\[\[T1593_Search Open Websites-Domains|Search Open Websites/Domains (T1593)\]\]
\[Social Media\](https://attack.mitre.org/techniques/T1593/001),\[\[T1593_Search Open Websites-Domains#Social Media - T1593 001|Social Media (T1593.001)\]\]
\[Search Engines\](https://attack.mitre.org/techniques/T1593/002),\[\[T1593_Search Open Websites-Domains#Search Engines - T1593 002|Search Engines (T1593.002)\]\]
\[Search Victim-Owned Websites\](https://attack.mitre.org/techniques/T1594),\[\[T1594_Search Victim-Owned Websites|Search Victim-Owned Websites (T1594)\]\]
\[Active Scanning\](https://attack.mitre.org/techniques/T1595),\[\[T1595_Active Scanning|Active Scanning (T1595)\]\]
\[Scanning IP Blocks\](https://attack.mitre.org/techniques/T1595/001),\[\[T1595_Active Scanning#Scanning IP Blocks - T1595 001|Scanning IP Blocks (T1595.001)\]\]
\[Vulnerability Scanning\](https://attack.mitre.org/techniques/T1595/002),\[\[T1595_Active Scanning#Vulnerability Scanning - T1595 002|Vulnerability Scanning (T1595.002)\]\]
\[Search Open Technical Databases\](https://attack.mitre.org/techniques/T1596),\[\[T1596_Search Open Technical Databases|Search Open Technical Databases (T1596)\]\]
\[DNS/Passive DNS\](https://attack.mitre.org/techniques/T1596/001),\[\[T1596_Search Open Technical Databases#DNS/Passive DNS - T1596 001|DNS/Passive DNS (T1596.001)\]\]
\[WHOIS\](https://attack.mitre.org/techniques/T1596/002),\[\[T1596_Search Open Technical Databases#WHOIS - T1596 002|WHOIS (T1596.002)\]\]
\[Digital Certificates\](https://attack.mitre.org/techniques/T1596/003),\[\[T1596_Search Open Technical Databases#Digital Certificates - T1596 003|Digital Certificates (T1596.003)\]\]
\[CDNs\](https://attack.mitre.org/techniques/T1596/004),\[\[T1596_Search Open Technical Databases#CDNs - T1596 004|CDNs (T1596.004)\]\]
\[Scan Databases\](https://attack.mitre.org/techniques/T1596/005),\[\[T1596_Search Open Technical Databases#Scan Databases - T1596 005|Scan Databases (T1596.005)\]\]
\[Search Closed Sources\](https://attack.mitre.org/techniques/T1597),\[\[T1597_Search Closed Sources|Search Closed Sources (T1597)\]\]
\[Threat Intel Vendors\](https://attack.mitre.org/techniques/T1597/001),\[\[T1597_Search Closed Sources#Threat Intel Vendors - T1597 001|Threat Intel Vendors (T1597.001)\]\]
\[Purchase Technical Data\](https://attack.mitre.org/techniques/T1597/002),\[\[T1597_Search Closed Sources#Purchase Technical Data - T1597 002|Purchase Technical Data (T1597.002)\]\]
\[Phishing for Information\](https://attack.mitre.org/techniques/T1598),\[\[T1598_Phishing for Information|Phishing for Information (T1598)\]\]
\[Spearphishing Service\](https://attack.mitre.org/techniques/T1598/001),\[\[T1598_Phishing for Information#Spearphishing Service - T1598 001|Spearphishing Service (T1598.001)\]\]
\[Spearphishing Attachment\](https://attack.mitre.org/techniques/T1598/002),\[\[T1598_Phishing for Information#Spearphishing Attachment - T1598 002|Spearphishing Attachment (T1598.002)\]\]
\[Spearphishing Link\](https://attack.mitre.org/techniques/T1598/003),\[\[T1598_Phishing for Information#Spearphishing Link - T1598 003|Spearphishing Link (T1598.003)\]\]
\[Network Boundary Bridging\](https://attack.mitre.org/techniques/T1599),\[\[T1599_Network Boundary Bridging|Network Boundary Bridging (T1599)\]\]
\[Network Address Translation Traversal\](https://attack.mitre.org/techniques/T1599/001),\[\[T1599_Network Boundary Bridging#Network Address Translation Traversal - T1599 001|Network Address Translation Traversal (T1599.001)\]\]
\[Weaken Encryption\](https://attack.mitre.org/techniques/T1600),\[\[T1600_Weaken Encryption|Weaken Encryption (T1600)\]\]
\[Reduce Key Space\](https://attack.mitre.org/techniques/T1600/001),\[\[T1600_Weaken Encryption#Reduce Key Space - T1600 001|Reduce Key Space (T1600.001)\]\]
\[Disable Crypto Hardware\](https://attack.mitre.org/techniques/T1600/002),\[\[T1600_Weaken Encryption#Disable Crypto Hardware - T1600 002|Disable Crypto Hardware (T1600.002)\]\]
\[Modify System Image\](https://attack.mitre.org/techniques/T1601),\[\[T1601_Modify System Image|Modify System Image (T1601)\]\]
\[Patch System Image\](https://attack.mitre.org/techniques/T1601/001),\[\[T1601_Modify System Image#Patch System Image - T1601 001|Patch System Image (T1601.001)\]\]
\[Downgrade System Image\](https://attack.mitre.org/techniques/T1601/002),\[\[T1601_Modify System Image#Downgrade System Image - T1601 002|Downgrade System Image (T1601.002)\]\]
\[Data from Configuration Repository\](https://attack.mitre.org/techniques/T1602),\[\[T1602_Data from Configuration Repository|Data from Configuration Repository (T1602)\]\]
\[SNMP (MIB Dump)\](https://attack.mitre.org/techniques/T1602/001),\[\[T1602_Data from Configuration Repository#SNMP (MIB Dump) - T1602 001|SNMP (MIB Dump) (T1602.001)\]\]
\[Network Device Configuration Dump\](https://attack.mitre.org/techniques/T1602/002),\[\[T1602_Data from Configuration Repository#Network Device Configuration Dump - T1602 002|Network Device Configuration Dump (T1602.002)\]\]
\[Forge Web Credentials\](https://attack.mitre.org/techniques/T1606),\[\[T1606_Forge Web Credentials|Forge Web Credentials (T1606)\]\]
\[Web Cookies\](https://attack.mitre.org/techniques/T1606/001),\[\[T1606_Forge Web Credentials#Web Cookies - T1606 001|Web Cookies (T1606.001)\]\]
\[SAML Tokens\](https://attack.mitre.org/techniques/T1606/002),\[\[T1606_Forge Web Credentials#SAML Tokens - T1606 002|SAML Tokens (T1606.002)\]\]
\[Stage Capabilities\](https://attack.mitre.org/techniques/T1608),\[\[T1608_Stage Capabilities|Stage Capabilities (T1608)\]\]
\[Upload Malware\](https://attack.mitre.org/techniques/T1608/001),\[\[T1608_Stage Capabilities#Upload Malware - T1608 001|Upload Malware (T1608.001)\]\]
\[Upload Tool\](https://attack.mitre.org/techniques/T1608/002),\[\[T1608_Stage Capabilities#Upload Tool - T1608 002|Upload Tool (T1608.002)\]\]
\[Install Digital Certificate\](https://attack.mitre.org/techniques/T1608/003),\[\[T1608_Stage Capabilities#Install Digital Certificate - T1608 003|Install Digital Certificate (T1608.003)\]\]
\[Drive-by Target\](https://attack.mitre.org/techniques/T1608/004),\[\[T1608_Stage Capabilities#Drive-by Target - T1608 004|Drive-by Target (T1608.004)\]\]
\[Link Target\](https://attack.mitre.org/techniques/T1608/005),\[\[T1608_Stage Capabilities#Link Target - T1608 005|Link Target (T1608.005)\]\]
\[Container Administration Command\](https://attack.mitre.org/techniques/T1609),\[\[T1609_Container Administration Command|Container Administration Command (T1609)\]\]
\[Deploy Container\](https://attack.mitre.org/techniques/T1610),\[\[T1610_Deploy Container|Deploy Container (T1610)\]\]
\[Escape to Host\](https://attack.mitre.org/techniques/T1611),\[\[T1611_Escape to Host|Escape to Host (T1611)\]\]
\[Build Image on Host\](https://attack.mitre.org/techniques/T1612),\[\[T1612_Build Image on Host|Build Image on Host (T1612)\]\]
\[Container and Resource Discovery\](https://attack.mitre.org/techniques/T1613),\[\[T1613_Container and Resource Discovery|Container and Resource Discovery (T1613)\]\]
\[System Location Discovery\](https://attack.mitre.org/techniques/T1614),\[\[T1614_System Location Discovery|System Location Discovery (T1614)\]\]
\[System Language Discovery\](https://attack.mitre.org/techniques/T1614/001),\[\[T1614_System Location Discovery#System Language Discovery - T1614 001|System Language Discovery (T1614.001)\]\]
\[Group Policy Discovery\](https://attack.mitre.org/techniques/T1615),\[\[T1615_Group Policy Discovery|Group Policy Discovery (T1615)\]\]
\[Cloud Storage Object Discovery\](https://attack.mitre.org/techniques/T1619),\[\[T1619_Cloud Storage Object Discovery|Cloud Storage Object Discovery (T1619)\]\]
\[Reflective Code Loading\](https://attack.mitre.org/techniques/T1620),\[\[T1620_Reflective Code Loading|Reflective Code Loading (T1620)\]\]
